基金代码,基金名称,场内价格,场内涨幅(%),估算净值,估算涨幅(%),溢价率(%),套利信号,状态
009663,华泰紫金创新先锋混合(LOF)A,0.0000,0.00%,0.0000,0.00%,0.00,数据不足,T-1:1.3201 v_active_top10_blend
025988,鹏华创新未来混合(LOF)A,0.0000,0.00%,0.0000,0.00%,0.00,数据不足,T-1:1.1720 v_active_top10_blend
160105,南方积极配置混合(LOF),1.2440,-3.12%,1.2655,0.12%,-1.70,折价买入(转场内赎回),T-1:1.2640 v_active_top10_blend
160106,南方高增长混合(LOF),1.4980,-0.66%,1.5241,0.12%,-1.71,折价买入(转场内赎回),T-1:1.5223 v_active_top10_blend
160119,南方中证500ETF联接(LOF)A,2.1550,-1.51%,2.1337,-2.61%,1.00,无明显机会,T-1:2.1908 v_index_full_no_cash
160120,南方中证500ETF联接(LOF)A(后端),,,,,,,异常: 'NoneTyp
160127,南方新兴消费增长股票(LOF)A,0.8490,-0.12%,0.8512,0.12%,-0.25,无明显机会,T-1:0.8501 v_active_top10_blend
160133,南方天元新产业股票(LOF),4.2250,-0.94%,4.3047,0.13%,-1.85,折价买入(转场内赎回),T-1:4.2991 v_active_top10_blend
160135,南方中证高铁产业指数(LOF),0.0000,0.00%,0.0000,0.00%,0.00,数据不足,失败
160137,南方中证互联网指数(LOF)A,1.0000,0.00%,1.8345,0.31%,-45.49,折价买入(转场内赎回),T-1:1.8289 v_index_full_no_cash
160142,南方优势产业(LOF),1.0620,-1.67%,1.0843,0.12%,-2.06,折价买入(转场内赎回),T-1:1.0830 v_active_top10_blend
160211,国泰中小盘成长混合(LOF),2.7040,-0.55%,2.7065,0.09%,-0.09,无明显机会,T-1:2.7040 v_active_top10_blend
160212,国泰估值优势混合(LOF)A,3.4530,-2.29%,3.5399,0.06%,-2.45,折价买入(转场内赎回),T-1:3.5378 v_active_top10_blend
160215,国泰价值经典混合(LOF),3.6180,-2.00%,3.6842,0.09%,-1.80,折价买入(转场内赎回),T-1:3.6810 v_active_top10_blend
160220,国泰民益混合(LOF)A,4.5350,-1.82%,4.6630,0.09%,-2.75,折价买入(转场内赎回),T-1:4.6590 v_active_top10_blend
160221,国泰国证有色金属行业指数(LOF)A,2.1100,-3.70%,2.1502,-2.24%,-1.87,折价买入(转场内赎回),T-1:2.1994 v_index_full_no_cash
160222,国泰国证食品饮料行业(LOF)A,0.6500,-1.52%,0.6673,0.08%,-2.60,折价买入(转场内赎回),T-1:0.6668 v_active_top10_blend
160223,国泰创业板指数(LOF)A,1.9500,-2.11%,1.9364,-2.65%,0.70,无明显机会,T-1:1.9891 v_index_full_no_cash
160311,华夏蓝筹混合(LOF)A,1.4180,-2.48%,1.4470,0.07%,-2.00,折价买入(转场内赎回),T-1:1.4460 v_active_top10_blend
160314,华夏行业混合(LOF),1.2580,-1.10%,1.2979,0.15%,-3.07,折价买入(转场内赎回),T-1:1.2960 v_active_top10_blend
160322,华夏港股通精选股票发起式(LOF)A,1.0700,-1.56%,1.0909,0.51%,-1.91,折价买入(转场内赎回),T-1:1.0853 v_active_bench_csi1000
160323,华夏磐泰混合(LOF)A,1.7250,0.00%,1.7295,0.00%,-0.26,无明显机会,T-1:1.7295 v_active_top10
160324,华夏磐晟混合(LOF),3.0130,-0.76%,3.0657,0.03%,-1.72,折价买入(转场内赎回),T-1:3.0647 v_active_top10_blend
160416,华安标普全球石油指数(LOF)A,0.0000,0.00%,0.0000,0.00%,0.00,数据不足,失败
160505,博时主题行业混合(LOF),1.0650,-1.02%,1.0899,0.09%,-2.29,折价买入(转场内赎回),T-1:1.0890 v_active_top10_blend
160512,博时卓越品牌混合(LOF)A,2.8710,-3.98%,2.9720,0.07%,-3.40,折价买入(转场内赎回),T-1:2.9700 v_active_top10_blend
160527,博时研究优选混合(LOF)A,0.8490,-0.12%,0.8571,0.05%,-0.95,无明显机会,T-1:0.8567 v_active_top10_blend
160607,鹏华价值优势混合(LOF),0.8620,-1.37%,0.8650,0.12%,-0.35,无明显机会,T-1:0.8640 v_active_top10_blend
160610,鹏华动力增长混合(LOF),1.2000,-0.25%,1.2042,0.10%,-0.35,无明显机会,T-1:1.2030 v_active_top10_blend
160611,鹏华优质治理混合(LOF)A,1.2460,-1.97%,1.2756,0.07%,-2.32,折价买入(转场内赎回),T-1:1.2747 v_active_top10_blend
160613,鹏华盛世创新混合(LOF)A,1.1820,-0.25%,1.1952,0.10%,-1.10,折价买入(转场内赎回),T-1:1.1940 v_active_top10_blend
160615,鹏华沪深300ETF联接(LOF)A,1.4180,-0.14%,1.4106,-1.67%,0.53,无明显机会,T-1:1.4345 v_index_full_no_cash
160616,鹏华中证500指数(LOF)A,2.2370,-1.80%,2.2228,-2.61%,0.64,无明显机会,T-1:2.2823 v_index_full_no_cash
160620,鹏华中证A股资源产业指数(LOF)A,2.6610,-2.71%,2.6995,-2.32%,-1.43,折价买入(转场内赎回),T-1:2.7637 v_index_full_no_cash
160625,鹏华中证800证券保险指数(LOF)A,0.0000,0.00%,0.0000,0.00%,0.00,数据不足,失败
160626,鹏华中证信息技术指数(LOF)A,0.0000,0.00%,0.0000,0.00%,0.00,数据不足,失败
160628,鹏华中证800地产指数(LOF)A,0.0000,0.00%,0.0000,0.00%,0.00,数据不足,失败
160629,鹏华中证传媒指数(LOF)A,0.9590,-3.23%,0.9491,-3.02%,1.04,溢价卖出(申购转场内),T-1:0.9787 v_index_full_no_cash
160630,鹏华中证国防指数(LOF)A,0.9200,-2.02%,0.9124,-3.06%,0.84,无明显机会,T-1:0.9412 v_index_full_no_cash
160631,鹏华中证银行指数(LOF)A,1.3520,0.07%,1.3258,-2.25%,1.98,溢价卖出(申购转场内),T-1:1.3563 v_index_full_no_cash
160633,鹏华中证全指证券公司指数(LOF)A,1.0800,-2.09%,1.0878,-2.01%,-0.72,无明显机会,T-1:1.1102 v_index_full_no_cash
160634,鹏华中证环保产业指数(LOF)A,1.0000,0.00%,1.1747,-2.24%,-14.87,折价买入(转场内赎回),T-1:1.2017 v_index_full_no_cash
160635,鹏华中证医药指数(LOF)A,0.8740,-3.21%,0.8884,-1.81%,-1.62,折价买入(转场内赎回),T-1:0.9047 v_index_full_no_cash
160636,鹏华中证移动互联网指数(LOF)A,0.0000,0.00%,0.0000,0.00%,0.00,数据不足,失败
160637,鹏华创业板指数(LOF)A,1.6060,-1.65%,1.6059,-2.65%,0.00,无明显机会,T-1:1.6496 v_index_full_no_cash
160638,鹏华中证一带一路主题指数(LOF)A,0.0000,0.00%,0.0000,0.00%,0.00,数据不足,失败
160639,鹏华中证高铁产业指数(LOF)A,0.0000,0.00%,0.0000,0.00%,0.00,数据不足,失败
160642,鹏华增瑞混合(LOF)A,2.4650,-0.56%,2.5082,0.09%,-1.72,折价买入(转场内赎回),T-1:2.5059 v_active_top10_blend
160643,鹏华空天军工指数(LOF)A,1.1110,-1.68%,1.0999,-3.06%,1.01,溢价卖出(申购转场内),T-1:1.1347 v_index_full_no_cash
160646,鹏华中证沪港深科技龙头指数(LOF)A,0.0000,0.00%,0.0000,0.00%,0.00,数据不足,失败
160716,嘉实基本面50指数(LOF)A,0.0000,0.00%,0.0000,0.00%,0.00,数据不足,失败
160722,嘉实惠泽混合(LOF),2.2360,-0.45%,2.2686,0.13%,-1.44,折价买入(转场内赎回),T-1:2.2657 v_active_top10_blend
160805,长盛同智优势混合(LOF),0.7100,-2.20%,0.7293,0.14%,-2.65,折价买入(转场内赎回),T-1:0.7283 v_active_top10_blend
160806,长盛同庆中证800指数(LOF)A,2.0350,-1.02%,2.0523,-1.53%,-0.84,无明显机会,T-1:2.0841 v_index_full_no_cash
160807,长盛沪深300指数(LOF)A,1.8540,-2.47%,1.8898,-1.67%,-1.89,折价买入(转场内赎回),T-1:1.9218 v_index_full_no_cash
160812,长盛同益成长回报(LOF),2.4470,-1.01%,2.4999,0.15%,-2.11,折价买入(转场内赎回),T-1:2.4960 v_active_top10_blend
160813,长盛同盛成长优选(LOF),1.8700,-0.58%,1.8906,0.14%,-1.09,折价买入(转场内赎回),T-1:1.8880 v_active_top10_blend
160910,大成创新成长混合(LOF)A,0.9090,-0.98%,0.9281,0.12%,-2.06,折价买入(转场内赎回),T-1:0.9270 v_active_top10_blend
160916,大成优选混合(LOF)A,4.3310,-2.48%,4.4911,0.09%,-3.57,折价买入(转场内赎回),T-1:4.4870 v_active_top10_blend
160918,大成中小盘混合(LOF)A,2.4940,-1.50%,2.5690,0.13%,-2.92,折价买入(转场内赎回),T-1:2.5658 v_active_top10_blend
160919,大成产业升级股票(LOF)A,3.5590,-1.39%,3.6323,0.10%,-2.02,折价买入(转场内赎回),T-1:3.6285 v_active_top10_blend
160921,大成多策略混合(LOF)A,1.3740,-0.43%,1.3965,0.12%,-1.61,折价买入(转场内赎回),T-1:1.3948 v_active_top10_blend
160925,大成中华沪深港300指数(LOF)A,1.3150,-1.05%,1.3059,-1.67%,0.70,无明显机会,T-1:1.3280 v_index_full_no_cash
161005,富国天惠成长混合(LOF)A,3.1160,-0.38%,3.1474,0.13%,-1.00,无明显机会,T-1:3.1433 v_active_top10_blend
161006,富国天惠成长混合(LOF)A(后端),,,,,,,异常: 'NoneTyp
161017,富国中证500指数增强(LOF)A,2.4510,-1.45%,2.4319,-2.61%,0.78,无明显机会,T-1:2.4970 v_index_full_no_cash
161021,富国中证500指数增强(LOF)A(后端),,,,,,,异常: 'NoneTyp
161024,富国中证军工指数(LOF)A,1.0510,-2.05%,1.0501,-2.41%,0.09,无明显机会,T-1:1.0760 v_index_full_no_cash
161025,富国中证移动互联网指数(LOF)A,0.0000,0.00%,0.0000,0.00%,0.00,数据不足,失败
161026,富国中证国有企业改革指数(LOF)A,0.0000,0.00%,0.0000,0.00%,0.00,数据不足,失败
161027,富国中证全指证券公司指数(LOF)A,1.0440,-2.06%,1.0504,-2.01%,-0.61,无明显机会,T-1:1.0720 v_index_full_no_cash
161028,富国中证新能源汽车指数(LOF)A,0.0000,0.00%,0.0000,0.00%,0.00,数据不足,失败
161029,富国中证银行指数(LOF)A,1.7600,0.86%,1.7234,-2.25%,2.13,溢价卖出(申购转场内),T-1:1.7630 v_index_full_no_cash
161030,富国中证体育产业指数(LOF)A,0.0000,0.00%,0.0000,0.00%,0.00,数据不足,失败
161031,富国中证工业4.0指数(LOF)A,0.0000,0.00%,0.0000,0.00%,0.00,数据不足,失败
161032,富国中证煤炭指数(LOF)A,0.0000,0.00%,0.0000,0.00%,0.00,数据不足,失败
161033,富国中证智能汽车(LOF)A,1.6880,-1.97%,1.7141,0.12%,-1.52,折价买入(转场内赎回),T-1:1.7120 v_active_top10_blend
161036,富国中证娱乐主题指数增强(LOF)A,0.5820,-4.59%,0.5874,-3.41%,-0.92,无明显机会,T-1:0.6081 v_index_full_no_cash
161037,富国中证高端制造指数增强型(LOF)A,2.7660,0.80%,2.7499,-2.21%,0.58,无明显机会,T-1:2.8121 v_index_full_no_cash
161038,富国新兴成长量化精选混合(LOF)A,1.5350,-1.54%,1.5799,0.00%,-2.84,折价买入(转场内赎回),T-1:1.5799 v_active_top10
161039,富国中证1000指数增强(LOF)A,2.4110,-2.63%,2.4173,-2.78%,-0.26,无明显机会,T-1:2.4863 v_index_full_no_cash
161118,易方达中小企业100(LOF)A,1.5470,-1.02%,1.5797,0.15%,-2.07,折价买入(转场内赎回),T-1:1.5773 v_active_top10_blend
161119,易方达中债新综指发起式(LOF)A,1.7930,0.00%,1.8020,0.51%,-0.50,无明显机会,T-1:1.7928 v_active_bench_csi1000
161121,易方达中证银行ETF联接(LOF)A,1.6100,0.63%,1.5765,-2.25%,2.12,溢价卖出(申购转场内),T-1:1.6128 v_index_full_no_cash
161122,易方达中证万得生物科技指数(LOF)A,0.0000,0.00%,0.0000,0.00%,0.00,数据不足,失败
161123,易方达中证万得并购重组(LOF),1.3330,-1.91%,1.3667,0.14%,-2.46,折价买入(转场内赎回),T-1:1.3647 v_active_top10_blend
161131,易方达科润混合(LOF),1.0270,-1.53%,1.0386,0.06%,-1.12,折价买入(转场内赎回),T-1:1.0380 v_active_top10_blend
161217,国投瑞银中证资源指数(LOF)A,2.1190,-3.20%,2.1428,-3.06%,-1.11,折价买入(转场内赎回),T-1:2.2105 v_index_full_no_cash
161218,国投瑞银中证资源指数(LOF)A(后端),,,,,,,异常: 'NoneTyp
161219,国投瑞银新兴产业混合(LOF)A,3.0530,-0.75%,3.1141,0.10%,-1.96,折价买入(转场内赎回),T-1:3.1110 v_active_top10_blend
161220,国投瑞银新兴产业混合(LOF)A(后端),,,,,,,异常: 'NoneTyp
161222,国投瑞银瑞利混合(LOF)A,2.8930,-0.55%,2.9461,0.14%,-1.80,折价买入(转场内赎回),T-1:2.9421 v_active_top10_blend
161224,国投瑞银新丝路混合(LOF),1.2760,-0.08%,1.2961,0.11%,-1.55,折价买入(转场内赎回),T-1:1.2947 v_active_top10_blend
161225,国投瑞银瑞盈混合(LOF)A,2.3890,-0.58%,2.4461,0.08%,-2.33,折价买入(转场内赎回),T-1:2.4440 v_active_top10_blend
161226,国投瑞银白银期货(LOF)A,1.8240,-3.80%,1.6739,0.51%,8.96,溢价卖出(申购转场内),T-1:1.6654 v_active_bench_csi1000
161232,国投瑞银瑞盛混合(LOF)A,1.2890,0.39%,1.3095,0.15%,-1.56,折价买入(转场内赎回),T-1:1.3075 v_active_top10_blend
161607,融通巨潮100指数A(LOF),1.1930,-1.08%,1.1853,-1.80%,0.65,无明显机会,T-1:1.2070 v_index_full_no_cash
161610,融通领先成长混合(LOF)A,1.7500,-2.23%,1.7668,0.16%,-0.95,无明显机会,T-1:1.7640 v_active_top10_blend
161628,融通中证云计算与大数据主题指数(LOF)A,0.0000,0.00%,0.0000,0.00%,0.00,数据不足,失败
161631,融通人工智能指数(LOF)A,0.0000,0.00%,0.0000,0.00%,0.00,数据不足,失败
161660,融通领先成长混合(LOF)A(后端),,,,,,,异常: 'NoneTyp
161706,招商优质成长混合(LOF),3.9610,-1.47%,4.0363,0.10%,-1.86,折价买入(转场内赎回),T-1:4.0324 v_active_top10_blend
161715,招商大宗商品(LOF),2.1280,-3.23%,2.2115,0.00%,-3.78,折价买入(转场内赎回),T-1:2.2115 v_active_top10
161720,招商中证全指证券公司指数(LOF)A,1.1640,-2.02%,1.1714,-2.01%,-0.63,无明显机会,T-1:1.1955 v_index_full_no_cash
161722,招商丰泰混合(LOF),1.4900,-1.19%,1.4970,0.00%,-0.47,无明显机会,T-1:1.4970 v_active_top10
161724,招商中证煤炭等权指数(LOF)A,0.0000,0.00%,0.0000,0.00%,0.00,数据不足,失败
161725,招商中证白酒指数(LOF)A,0.0000,0.00%,0.0000,0.00%,0.00,数据不足,失败
161726,招商国证生物医药指数(LOF)A,0.0000,0.00%,0.0000,0.00%,0.00,数据不足,失败
161727,招商增荣混合(LOF),1.8190,0.55%,1.7900,0.00%,1.62,溢价卖出(申购转场内),T-1:1.7900 v_active_top10
161728,招商瑞智优选混合(LOF),1.5010,0.27%,1.5314,0.00%,-1.99,折价买入(转场内赎回),T-1:1.5314 v_active_top10
161729,招商瑞利灵活配置混合(LOF)A,1.9200,0.00%,1.9393,0.13%,-0.99,无明显机会,T-1:1.9368 v_active_top10_blend
161810,银华内需精选混合(LOF),3.9620,-4.46%,4.1487,0.06%,-4.50,折价买入(转场内赎回),T-1:4.1460 v_active_top10_blend
161812,银华深证100指数(LOF),1.4290,-1.24%,1.3977,-2.26%,2.24,溢价卖出(申购转场内),T-1:1.4300 v_index_full_no_cash
161816,银华中证等权重90指数(LOF),0.0000,0.00%,0.0000,0.00%,0.00,数据不足,失败
161834,银华鑫锐灵活配置混合(LOF)A,1.8010,-0.17%,1.8340,0.00%,-1.80,折价买入(转场内赎回),T-1:1.8340 v_active_top10
161903,万家行业优选混合(LOF),1.6100,-2.84%,1.6568,0.04%,-2.83,折价买入(转场内赎回),T-1:1.6561 v_active_top10_blend
162006,长城久富混合(LOF)A,1.7930,-1.05%,1.8053,0.13%,-0.68,无明显机会,T-1:1.8030 v_active_top10_blend
162107,金鹰先进制造股票(LOF)A,1.0000,0.00%,0.6645,0.11%,50.48,溢价卖出(申购转场内),T-1:0.6638 v_active_top10_blend
162207,宏利效率优选混合(LOF),1.3440,0.83%,1.3464,0.13%,-0.18,无明显机会,T-1:1.3446 v_active_top10_blend
162216,宏利500指数增强(LOF),1.6110,0.00%,1.5934,-2.61%,1.11,溢价卖出(申购转场内),T-1:1.6360 v_index_full_no_cash
162307,海富通中证A100指数(LOF)A,0.0000,0.00%,0.0000,0.00%,0.00,数据不足,失败
162414,华宝新机遇混合(LOF)A,1.9360,0.00%,1.9548,0.00%,-0.96,无明显机会,T-1:1.9548 v_active_top10
162509,国联安中证A100指数(LOF),0.0000,0.00%,0.0000,0.00%,0.00,数据不足,失败
162605,景顺长城鼎益混合(LOF)A,1.5960,-0.37%,1.6149,0.12%,-1.17,折价买入(转场内赎回),T-1:1.6130 v_active_top10_blend
162606,景顺长城鼎益混合(LOF)A(后端),,,,,,,异常: 'NoneTyp
162607,景顺长城资源垄断混合(LOF)A,0.4760,-2.06%,0.4892,0.05%,-2.70,折价买入(转场内赎回),T-1:0.4890 v_active_top10_blend
162703,广发小盘成长混合(LOF)A,2.2770,0.71%,2.2777,0.10%,-0.03,无明显机会,T-1:2.2754 v_active_top10_blend
163001,长信医疗保健混合(LOF)A,1.3630,-2.85%,1.4231,0.15%,-4.22,折价买入(转场内赎回),T-1:1.4210 v_active_top10_blend
163109,申万菱信深证成份指数(LOF)A,0.7680,-1.54%,0.7641,-2.47%,0.52,无明显机会,T-1:0.7834 v_index_full_no_cash
163110,申万菱信量化小盘股票(LOF)A,2.1490,-2.01%,2.2023,0.00%,-2.42,折价买入(转场内赎回),T-1:2.2023 v_active_top10
163111,申万菱信中小企业100指数(LOF)A,1.5520,-1.02%,1.5284,-1.81%,1.55,溢价卖出(申购转场内),T-1:1.5566 v_index_full_no_cash
163113,申万菱信中证申万证券行业指数(LOF)A,0.0000,0.00%,0.0000,0.00%,0.00,数据不足,失败
163114,申万菱信中证环保产业指数(LOF)A,1.1990,-0.99%,1.1948,-2.24%,0.35,无明显机会,T-1:1.2222 v_index_full_no_cash
163115,申万菱信中证军工指数(LOF)A,1.0660,-1.84%,1.0587,-2.41%,0.69,无明显机会,T-1:1.0848 v_index_full_no_cash
163116,申万中证申万电子行业投资指数(LOF)A,0.0000,0.00%,0.0000,0.00%,0.00,数据不足,失败
163118,申万菱信中证申万医药生物指数(LOF)A,0.0000,0.00%,0.0000,0.00%,0.00,数据不足,失败
163209,诺安创业板指数增强(LOF)A,1.0000,0.00%,2.3741,-2.65%,-57.88,折价买入(转场内赎回),T-1:2.4387 v_index_full_no_cash
163302,大摩资源优选混合(LOF),1.0800,-2.26%,1.1156,0.14%,-3.19,折价买入(转场内赎回),T-1:1.1140 v_active_top10_blend
163402,兴全趋势投资混合(LOF),0.8820,-1.12%,0.8960,0.12%,-1.56,折价买入(转场内赎回),T-1:0.8949 v_active_top10_blend
163407,兴全沪深300指数(LOF)A,2.7140,-1.09%,2.7086,-1.67%,0.20,无明显机会,T-1:2.7545 v_index_full_no_cash
163408,兴全沪深300指数(LOF)A(后端),,,,,,,异常: 'NoneTyp
163409,兴全绿色投资混合(LOF),1.4750,-2.70%,1.5087,0.11%,-2.23,折价买入(转场内赎回),T-1:1.5070 v_active_top10_blend
163412,兴全轻资产混合(LOF),4.1310,-2.25%,4.1920,0.12%,-1.46,折价买入(转场内赎回),T-1:4.1870 v_active_top10_blend
163415,兴全商业模式混合(LOF)A,5.2350,-1.04%,5.2617,0.09%,-0.51,无明显机会,T-1:5.2570 v_active_top10_blend
163416,兴全商业模式混合(LOF)A(后端),,,,,,,异常: 'NoneTyp
163417,兴全合宜混合(LOF)A,2.0600,-1.95%,2.0961,0.12%,-1.72,折价买入(转场内赎回),T-1:2.0936 v_active_top10_blend
163503,天治核心成长混合(LOF),0.4340,-1.59%,0.4297,0.00%,1.00,溢价卖出(申购转场内),T-1:0.4297 v_active_top10
163801,中银中国混合(LOF)A,0.8360,-2.79%,0.8604,0.16%,-2.83,折价买入(转场内赎回),T-1:0.8590 v_active_top10_blend
164508,国富中证A100指数增强(LOF),0.0000,0.00%,0.0000,0.00%,0.00,数据不足,失败
164606,华泰柏瑞信用增利债(LOF)A,1.2390,0.00%,1.2450,0.00%,-0.48,无明显机会,T-1:1.2450 v_active_top10
164703,汇添富纯债(LOF)A,0.8710,0.11%,0.8743,0.51%,-0.37,无明显机会,T-1:0.8698 v_active_bench_csi1000
164905,交银国证新能源指数(LOF)A,1.0000,0.00%,1.0550,-2.69%,-5.21,折价买入(转场内赎回),T-1:1.0841 v_index_full_no_cash
164906,交银中证海外中国互联网指数(LOF)A,0.0000,0.00%,0.0000,0.00%,0.00,数据不足,失败
164908,交银中证环境治理(LOF)A,1.0000,0.00%,0.4405,0.00%,127.01,溢价卖出(申购转场内),T-1:0.4405 v_active_top10
165309,建信沪深300指数(LOF),1.9710,-1.05%,1.9486,-1.67%,1.15,溢价卖出(申购转场内),T-1:1.9816 v_index_full_no_cash
165310,建信沪深300指数增强(LOF)A,1.0000,0.00%,1.4680,-1.67%,-31.88,折价买入(转场内赎回),T-1:1.4929 v_index_full_no_cash
165312,建信央视财经50指数(LOF),1.0000,0.00%,1.4243,-1.15%,-29.79,折价买入(转场内赎回),T-1:1.4409 v_index_full_no_cash
165313,建信优势动力混合(LOF),4.0550,0.12%,4.0696,0.09%,-0.36,无明显机会,T-1:4.0660 v_active_top10_blend
165508,中信保诚深度价值混合(LOF),2.1430,-0.70%,2.1841,0.15%,-1.88,折价买入(转场内赎回),T-1:2.1809 v_active_top10_blend
165511,中信保诚中证500指数(LOF)A,2.1460,-1.01%,2.1237,-2.61%,1.05,溢价卖出(申购转场内),T-1:2.1805 v_index_full_no_cash
165512,中信保诚新机遇混合(LOF),1.2600,-0.87%,1.2816,0.16%,-1.69,折价买入(转场内赎回),T-1:1.2796 v_active_top10_blend
165515,中信保诚沪深300指数(LOF)A,1.3090,-0.98%,1.3094,-1.67%,-0.03,无明显机会,T-1:1.3316 v_index_full_no_cash
165516,中信保诚周期轮动混合(LOF)A,7.2160,-2.89%,7.3997,0.14%,-2.48,折价买入(转场内赎回),T-1:7.3890 v_active_top10_blend
165519,中信保诚中证800医药指数(LOF)A,0.0000,0.00%,0.0000,0.00%,0.00,数据不足,失败
165520,中信保诚中证800有色指数(LOF)A,0.0000,0.00%,0.0000,0.00%,0.00,数据不足,失败
165521,中信保诚中证800金融指数(LOF)A,0.0000,0.00%,0.0000,0.00%,0.00,数据不足,失败
165522,中信保诚中证TMT(LOF)A,1.4370,-1.24%,1.4434,0.00%,-0.44,无明显机会,T-1:1.4434 v_active_top10
165523,中信保诚中证信息安全指数(LOF)A,0.0000,0.00%,0.0000,0.00%,0.00,数据不足,失败
165524,中信保诚中证智能家居指数(LOF)A,0.0000,0.00%,0.0000,0.00%,0.00,数据不足,失败
165525,中信保诚中证基建工程指数(LOF)A,0.6900,-1.99%,0.6894,-2.42%,0.08,无明显机会,T-1:0.7065 v_index_full_no_cash
165526,中信保诚新旺混合(LOF)A,1.0000,0.00%,1.6109,0.00%,-37.92,折价买入(转场内赎回),T-1:1.6109 v_active_top10
165528,中信保诚鼎利混合(LOF)A,2.6410,-2.33%,2.6965,0.14%,-2.06,折价买入(转场内赎回),T-1:2.6927 v_active_top10_blend
165531,中信保诚多策略混合(LOF)A,1.0000,0.00%,1.9720,0.00%,-49.29,折价买入(转场内赎回),T-1:1.9720 v_active_top10
166006,中欧行业成长混合(LOF)A,2.3540,-1.71%,2.4049,0.11%,-2.12,折价买入(转场内赎回),T-1:2.4023 v_active_top10_blend
166009,中欧新动力混合(LOF)A,3.2920,-0.84%,3.3862,0.11%,-2.78,折价买入(转场内赎回),T-1:3.3825 v_active_top10_blend
166011,中欧盛世成长混合(LOF)A,1.6570,-3.16%,1.7191,0.07%,-3.61,折价买入(转场内赎回),T-1:1.7179 v_active_top10_blend
166023,中欧瑞丰灵活配置混合(LOF)A,1.3390,-2.97%,1.3757,0.12%,-2.67,折价买入(转场内赎回),T-1:1.3741 v_active_top10_blend
166107,信澳量化多因子混合(LOF)A,1.3180,-1.49%,1.3496,0.00%,-2.34,折价买入(转场内赎回),T-1:1.3496 v_active_top10
166109,信澳量化先锋(LOF)A,1.0000,0.00%,1.1552,0.04%,-13.43,折价买入(转场内赎回),T-1:1.1547 v_active_top10_blend
166802,浙商沪深300指数增强(LOF)A,1.0000,0.00%,2.4109,-1.67%,-58.52,折价买入(转场内赎回),T-1:2.4518 v_index_full_no_cash
167001,平安鼎泰混合(LOF),1.8810,0.00%,1.8913,0.00%,-0.54,无明显机会,T-1:1.8913 v_active_top10
167002,平安鼎越混合(LOF),5.0840,-3.51%,5.2884,0.07%,-3.87,折价买入(转场内赎回),T-1:5.2848 v_active_top10_blend
167003,平安鼎弘混合(LOF)A,1.1530,-0.60%,1.1681,0.00%,-1.29,折价买入(转场内赎回),T-1:1.1681 v_active_top10
167302,方正富邦大湾区综指(LOF),0.9800,0.00%,0.9964,0.16%,-1.64,折价买入(转场内赎回),T-1:0.9948 v_active_top10_blend
167504,安信中短利率债(LOF)A,0.0000,0.00%,0.0000,0.00%,0.00,数据不足,T-1:1.1002 v_active_bench_csi1000
167506,安信深圳科技指数(LOF)A,0.0000,0.00%,0.0000,0.00%,0.00,数据不足,失败
167508,安信价值发现两年定开混合(LOF),1.6510,-1.08%,1.6883,0.00%,-2.21,折价买入(转场内赎回),T-1:1.6883 v_active_top10
167702,德邦量化优选股票(LOF)A,1.0000,0.00%,1.2838,0.00%,-22.11,折价买入(转场内赎回),T-1:1.2838 v_active_top10
168101,九泰锐智事件驱动混合(LOF),1.4260,-1.31%,1.4609,0.06%,-2.39,折价买入(转场内赎回),T-1:1.4600 v_active_top10_blend
168102,九泰锐富事件驱动混合发起式(LOF)A,1.1170,-0.71%,1.1395,0.04%,-1.97,折价买入(转场内赎回),T-1:1.1390 v_active_top10_blend
168103,九泰锐益混合(LOF)A,1.3710,-0.65%,1.3956,0.04%,-1.76,折价买入(转场内赎回),T-1:1.3950 v_active_top10_blend
168104,九泰锐丰灵活配置混合(LOF)A,0.8150,-1.21%,0.8345,0.06%,-2.33,折价买入(转场内赎回),T-1:0.8340 v_active_top10_blend
168105,九泰泰富灵活配置混合(LOF)A,2.4830,0.08%,2.5042,0.03%,-0.85,无明显机会,T-1:2.5034 v_active_top10_blend
168203,国联国证钢铁行业指数(LOF)A,1.1340,-2.07%,1.1358,-1.58%,-0.16,无明显机会,T-1:1.1540 v_index_full_no_cash
168204,国联中证煤炭指数(LOF)A,0.0000,0.00%,0.0000,0.00%,0.00,数据不足,失败
168301,东海祥龙(LOF)A,0.8000,-0.99%,0.8186,0.00%,-2.27,折价买入(转场内赎回),T-1:0.8186 v_active_top10
168401,红土精选混合(LOF)A,5.9710,-3.69%,6.1325,0.13%,-2.63,折价买入(转场内赎回),T-1:6.1245 v_active_top10_blend
168701,合煦智远金融科技指数(LOF)A,0.0000,0.00%,0.0000,0.00%,0.00,数据不足,失败
169104,东方红睿满沪港深混合(LOF)A,2.9200,-3.05%,2.8880,0.10%,1.11,溢价卖出(申购转场内),T-1:2.8850 v_active_top10_blend
169105,东方红睿华沪港深混合(LOF)A,2.0990,-0.05%,2.1405,0.13%,-1.94,折价买入(转场内赎回),T-1:2.1378 v_active_top10_blend
501001,财通多策略精选混合(LOF),1.4950,-2.10%,1.5400,0.07%,-2.92,折价买入(转场内赎回),T-1:1.5390 v_active_top10_blend
501005,汇添富中证精准医疗指数(LOF)A,0.0000,0.00%,0.0000,0.00%,0.00,数据不足,失败
501007,汇添富中证互联网医疗指数(LOF)A,0.0000,0.00%,0.0000,0.00%,0.00,数据不足,失败
501009,汇添富中证生物科技指数(LOF)A,0.0000,0.00%,0.0000,0.00%,0.00,数据不足,失败
501011,汇添富中证中药ETF联接(LOF)A,1.0170,-2.40%,1.0193,-2.47%,-0.23,无明显机会,T-1:1.0451 v_index_full_no_cash
501015,财通多策略升级混合(LOF)A,2.7840,-1.52%,2.8796,0.06%,-3.32,折价买入(转场内赎回),T-1:2.8780 v_active_top10_blend
501016,国泰中证申万证券行业指数(LOF)A,0.0000,0.00%,0.0000,0.00%,0.00,数据不足,失败
501017,国泰融丰外延增长混合(LOF)A,1.3610,0.00%,1.3517,0.00%,0.69,无明显机会,T-1:1.3517 v_active_top10
501019,国泰国证航天军工指数(LOF)A,1.1690,-1.35%,1.1675,-1.83%,0.13,无明显机会,T-1:1.1893 v_index_full_no_cash
501021,华宝港股通标普香港上市中国中小盘指数(LOF)A,1.2860,-1.68%,1.2771,-2.65%,0.70,无明显机会,T-1:1.3118 v_index_full_no_cash
501022,银华鑫盛灵活配置混合(LOF)A,2.8010,-0.21%,2.8233,0.12%,-0.79,无明显机会,T-1:2.8200 v_active_top10_blend
501025,鹏华中证香港银行指数(LOF)A,0.0000,0.00%,0.0000,0.00%,0.00,数据不足,失败
501026,财通多策略福享混合(LOF),2.3030,-2.37%,2.3907,0.08%,-3.67,折价买入(转场内赎回),T-1:2.3887 v_active_top10_blend
501028,财通多策略福瑞混合发起式(LOF)A,1.3960,-0.85%,1.4229,0.00%,-1.89,折价买入(转场内赎回),T-1:1.4229 v_active_top10
501029,华宝标普中国A股红利机会ETF联接A(LOF),1.7380,-0.69%,1.7066,-2.65%,1.84,溢价卖出(申购转场内),T-1:1.7530 v_index_full_no_cash
501030,汇添富中证环境治理指数(LOF)A,0.5070,-1.93%,0.4982,-3.47%,1.77,溢价卖出(申购转场内),T-1:0.5161 v_index_full_no_cash
501032,财通福盛混合发起(LOF)A,1.5830,-2.28%,1.6440,0.10%,-3.71,折价买入(转场内赎回),T-1:1.6424 v_active_top10_blend
501036,汇添富中证500ETF联接(LOF)A,1.4510,-2.09%,1.4450,-2.61%,0.41,无明显机会,T-1:1.4837 v_index_full_no_cash
501043,汇添富沪深300指数(LOF)A,1.5970,-1.66%,1.5988,-1.67%,-0.11,无明显机会,T-1:1.6259 v_index_full_no_cash
501047,汇添富中证全指证券公司ETF联接(LOF)A,1.1250,-2.00%,1.1261,-2.01%,-0.09,无明显机会,T-1:1.1492 v_index_full_no_cash
501051,圆信永丰汇利混合(LOF),2.0690,0.00%,2.1189,0.13%,-2.35,折价买入(转场内赎回),T-1:2.1161 v_active_top10_blend
501057,汇添富中证新能源汽车产业指数(LOF)A,2.0880,-2.38%,2.0838,-3.02%,0.20,无明显机会,T-1:2.1488 v_index_full_no_cash
501060,中金中证优选300指数(LOF)A,0.0000,0.00%,0.0000,0.00%,0.00,数据不足,失败
501062,南方瑞合定开混合(LOF),2.0310,-1.26%,2.1402,0.12%,-5.10,折价买入(转场内赎回),T-1:2.1376 v_active_top10_blend
501064,国泰价值优选灵活配置混合(LOF)A,3.4150,-0.90%,3.4846,0.12%,-2.00,折价买入(转场内赎回),T-1:3.4803 v_active_top10_blend
501071,泓德丰泽混合(LOF)A,0.9490,0.96%,0.9608,0.13%,-1.22,折价买入(转场内赎回),T-1:0.9595 v_active_top10_blend
501073,华安智联混合(LOF)A,2.1170,-0.84%,2.1533,0.14%,-1.68,折价买入(转场内赎回),T-1:2.1503 v_active_top10_blend
501075,万家科创主题灵活配置混合(LOF)A,3.4240,-1.04%,3.3704,0.14%,1.59,溢价卖出(申购转场内),T-1:3.3658 v_active_top10_blend
501076,鹏华创新动力混合(LOF),1.5390,-5.41%,1.5914,0.07%,-3.29,折价买入(转场内赎回),T-1:1.5903 v_active_top10_blend
501077,富国创新企业灵活配置混合(LOF)A,3.2650,-0.15%,3.3071,0.15%,-1.27,折价买入(转场内赎回),T-1:3.3022 v_active_top10_blend
501078,广发科创主题灵活配置混合(LOF),2.7570,-1.54%,2.8070,0.12%,-1.78,折价买入(转场内赎回),T-1:2.8036 v_active_top10_blend
501079,大成科创主题混合(LOF)A,4.6110,-2.41%,4.7229,0.07%,-2.37,折价买入(转场内赎回),T-1:4.7198 v_active_top10_blend
501080,中金科创主题灵活配置混合(LOF),1.5570,-3.05%,1.5901,0.11%,-2.08,折价买入(转场内赎回),T-1:1.5883 v_active_top10_blend
501081,中欧科创主题混合(LOF)A,3.0700,-0.23%,3.0862,0.09%,-0.53,无明显机会,T-1:3.0834 v_active_top10_blend
501082,博时科创主题灵活配置混合(LOF)A,4.1100,-2.42%,4.1383,0.10%,-0.68,无明显机会,T-1:4.1343 v_active_top10_blend
501083,银华科创主题灵活配置混合(LOF),2.1010,-1.22%,2.1072,0.11%,-0.30,无明显机会,T-1:2.1049 v_active_top10_blend
501085,财通科创主题灵活配置混合(LOF)A,2.7970,-2.58%,2.8959,0.05%,-3.41,折价买入(转场内赎回),T-1:2.8944 v_active_top10_blend
501087,交银瑞丰混合(LOF),1.3140,1.00%,1.3335,0.04%,-1.46,折价买入(转场内赎回),T-1:1.3330 v_active_top10_blend
501089,方正富邦消费红利指数增强(LOF),0.0000,0.00%,0.0000,0.00%,0.00,数据不足,失败
501091,嘉实欣荣混合(LOF)A,0.9480,0.32%,0.9657,0.09%,-1.84,折价买入(转场内赎回),T-1:0.9649 v_active_top10_blend
501092,交银瑞思混合(LOF),1.2510,-0.16%,1.2783,0.13%,-2.14,折价买入(转场内赎回),T-1:1.2767 v_active_top10_blend
501095,中银证券科技创新混合(LOF),0.9160,-3.58%,0.9382,0.09%,-2.37,折价买入(转场内赎回),T-1:0.9374 v_active_top10_blend
501096,国联安科创混合(LOF),1.6020,-1.90%,1.6375,0.08%,-2.17,折价买入(转场内赎回),T-1:1.6362 v_active_top10_blend
501097,国寿安保科技创新混合(LOF),1.9530,-3.22%,1.9981,0.09%,-2.26,折价买入(转场内赎回),T-1:1.9963 v_active_top10_blend
501098,建信优享科技创新混合(LOF),1.7350,1.58%,1.7193,0.10%,0.91,无明显机会,T-1:1.7175 v_active_top10_blend
501099,平安新兴产业混合(LOF),3.2850,-3.10%,3.3872,0.10%,-3.02,折价买入(转场内赎回),T-1:3.3838 v_active_top10_blend
501100,博时安康定开债(LOF),0.0000,0.00%,1.1270,0.51%,0.00,数据不足,T-1:1.1212 v_active_bench_csi1000
501186,华夏兴融混合(LOF)A,0.8010,0.00%,0.8132,0.00%,-1.50,折价买入(转场内赎回),T-1:0.8132 v_active_top10
501188,汇添富核心精选混合(LOF),1.1260,-2.85%,1.1293,0.07%,-0.30,无明显机会,T-1:1.1286 v_active_top10_blend
501189,嘉实产业优选混合(LOF)A,0.9480,-1.04%,0.9734,0.08%,-2.61,折价买入(转场内赎回),T-1:0.9726 v_active_top10_blend
501200,民生加银科技创新混合(LOF),1.4970,2.25%,1.4677,0.11%,1.99,溢价卖出(申购转场内),T-1:1.4661 v_active_top10_blend
501201,红土创新科技创新股票(LOF)A,2.4000,-2.87%,2.4741,0.13%,-3.00,折价买入(转场内赎回),T-1:2.4710 v_active_top10_blend
501203,易方达创新未来混合(LOF),1.5650,-1.07%,1.6014,0.09%,-2.27,折价买入(转场内赎回),T-1:1.6000 v_active_top10_blend
501206,汇添富创新未来混合(LOF),0.9380,-0.95%,0.9578,0.14%,-2.07,折价买入(转场内赎回),T-1:0.9565 v_active_top10_blend
501207,华夏创新未来混合(LOF),0.8180,-0.61%,0.8327,0.10%,-1.77,折价买入(转场内赎回),T-1:0.8319 v_active_top10_blend
501208,中欧创新未来混合(LOF),1.3120,0.15%,1.3212,0.13%,-0.70,无明显机会,T-1:1.3195 v_active_top10_blend
501209,银华富久食品饮料精选混合(LOF)A,0.4670,-1.27%,0.4738,0.09%,-1.44,折价买入(转场内赎回),T-1:0.4734 v_active_top10_blend
501219,华夏智胜先锋股票(LOF)A,1.5210,-1.49%,1.5644,0.00%,-2.77,折价买入(转场内赎回),T-1:1.5644 v_active_top10
501227,泓德红利优选混合(LOF)A,1.0190,-1.07%,1.0417,0.00%,-2.18,折价买入(转场内赎回),T-1:1.0417 v_active_top10
501301,华宝港股通恒生中国(香港上市)30ETF联接(LOF)A,1.1900,-1.00%,1.1805,-2.65%,0.80,无明显机会,T-1:1.2126 v_index_full_no_cash
501302,南方恒指ETF联接(LOF)A,1.1190,-1.06%,1.1122,-2.65%,0.62,无明显机会,T-1:1.1424 v_index_full_no_cash
501303,广发恒生中型股指数(LOF)A,0.9470,-2.17%,0.9441,-2.65%,0.30,无明显机会,T-1:0.9698 v_index_full_no_cash
502000,西部利得中证500指数增强(LOF)A,1.9330,-2.32%,1.9280,-2.61%,0.26,无明显机会,T-1:1.9796 v_index_full_no_cash
502003,易方达中证军工(LOF)A,1.3250,-1.78%,1.3529,0.15%,-2.07,折价买入(转场内赎回),T-1:1.3509 v_active_top10_blend
502006,易方达中证国企改革(LOF)A,1.5870,-0.44%,1.6018,0.16%,-0.93,无明显机会,T-1:1.5992 v_active_top10_blend
502010,易方达中证全指证券公司指数(LOF)A,1.2640,-2.32%,1.2801,-2.01%,-1.26,折价买入(转场内赎回),T-1:1.3064 v_index_full_no_cash
502013,长盛中证申万一带一路指数(LOF),0.0000,0.00%,0.0000,0.00%,0.00,数据不足,失败
502023,鹏华国证钢铁行业指数(LOF)A,1.5300,-1.92%,1.5176,-1.58%,0.81,无明显机会,T-1:1.5420 v_index_full_no_cash
502048,易方达上证50指数(LOF)A,1.2760,-0.31%,1.2664,-0.75%,0.76,无明显机会,T-1:1.2760 v_index_full_no_cash
502053,长盛中证证券公司指数(LOF)A,0.0000,0.00%,0.0000,0.00%,0.00,数据不足,失败
502056,广发中证医疗ETF联接(LOF)A,0.0000,0.00%,0.0000,0.00%,0.00,数据不足,失败
