date,open,high,low,close,volume
2022-05-09,9.17,9.5,9.1,9.2,6354812.0
2022-05-10,9.14,9.52,9.08,9.46,6086953.0
2022-05-11,9.53,9.7,9.43,9.43,5644269.0
2022-05-12,9.35,9.7,9.35,9.69,4542645.0
2022-05-13,9.75,9.8,9.54,9.69,2906518.0
2022-05-16,9.89,9.92,9.52,9.56,3267830.0
2022-05-17,9.62,9.62,9.32,9.41,3387765.0
2022-05-18,9.47,9.7,9.45,9.53,3279383.0
2022-05-19,9.38,9.59,9.38,9.57,2962066.0
2022-05-20,9.63,9.7,9.52,9.63,3384518.0
2022-05-23,9.67,9.87,9.63,9.84,4362304.0
2022-05-24,9.9,9.94,9.31,9.34,5450346.0
2022-05-25,9.34,9.62,9.34,9.59,2931283.0
2022-05-26,9.72,10.38,9.54,10.04,8490374.0
2022-05-27,10.03,10.13,9.8,9.86,4567591.0
2022-05-30,9.89,9.97,9.75,9.91,3243730.0
2022-05-31,9.95,10.03,9.8,10.02,3265834.0
2022-06-01,10.04,10.39,10.04,10.25,5249700.0
2022-06-02,10.22,10.37,10.03,10.33,4282634.0
2022-06-06,10.33,10.55,10.3,10.41,4261898.0
2022-06-07,10.54,10.55,10.27,10.28,3232252.0
2022-06-08,10.64,11.31,10.5,10.69,19854967.0
2022-06-09,10.25,10.48,9.72,9.82,16208764.0
2022-06-10,9.73,10.49,9.71,10.0,8125612.0
2022-06-13,10.15,10.25,9.88,9.97,4974044.0
2022-06-14,9.97,9.97,9.58,9.88,4950443.0
2022-06-15,9.84,10.13,9.84,9.9,4100115.0
2022-06-16,9.91,10.3,9.88,10.18,7083000.0
2022-06-17,10.13,10.35,10.13,10.23,6082934.0
2022-06-20,10.24,10.3,10.16,10.23,3990098.0
2022-06-21,10.29,10.29,10.01,10.13,4979619.0
2022-06-22,10.12,10.13,9.85,9.86,3755900.0
2022-06-23,9.85,10.09,9.81,10.08,3127854.0
2022-06-24,10.19,10.19,10.02,10.07,3260598.0
2022-06-27,10.15,10.2,10.09,10.15,3066700.0
2022-06-28,10.15,10.31,10.08,10.3,4478783.0
2022-06-29,10.34,10.44,10.15,10.15,4596734.0
2022-06-30,10.11,10.31,10.1,10.15,3459085.0
2022-07-01,10.15,10.28,10.11,10.18,2771800.0
2022-07-04,10.15,10.17,9.98,10.12,3077062.0
2022-07-05,10.08,10.16,9.82,9.97,3670090.0
2022-07-06,9.94,10.04,9.73,9.82,2716986.0
2022-07-07,9.84,10.07,9.81,10.06,3778680.0
2022-07-08,10.05,10.35,10.04,10.24,4519497.0
2022-07-11,10.2,10.24,9.91,9.97,2933944.0
2022-07-12,9.96,10.04,9.8,9.81,2855969.0
2022-07-13,9.78,10.14,9.75,10.01,2971075.0
2022-07-14,10.09,10.1,9.95,10.02,1950496.0
2022-07-15,9.95,10.03,9.7,9.71,4120334.0
2022-07-18,9.68,10.13,9.66,10.13,5159044.0
2022-07-19,10.19,10.3,10.13,10.25,3624845.0
2022-07-20,10.27,10.32,10.17,10.27,2852521.0
2022-07-21,10.28,10.43,10.22,10.35,3580483.0
2022-07-22,10.41,10.49,10.24,10.31,2761831.0
2022-07-25,10.36,10.49,10.14,10.17,2073250.0
2022-07-26,10.23,10.26,10.12,10.25,2097533.0
2022-07-27,10.28,10.43,10.14,10.38,2545680.0
2022-07-28,10.44,10.59,10.4,10.54,3468800.0
2022-07-29,10.58,10.65,10.34,10.39,2926060.0
2022-08-01,10.39,10.47,10.3,10.4,2089930.0
2022-08-02,10.3,10.31,9.78,9.94,4922290.0
2022-08-03,9.99,10.44,9.99,10.16,4970598.0
2022-08-04,10.22,10.42,10.19,10.42,4017971.0
2022-08-05,10.53,10.75,10.46,10.7,5015187.0
2022-08-08,10.78,10.88,10.62,10.87,3637593.0
2022-08-09,10.88,10.95,10.69,10.81,3078240.0
2022-08-10,10.79,10.95,10.73,10.93,3436283.0
2022-08-11,11.02,11.24,11.0,11.12,5341426.0
2022-08-12,11.12,11.17,10.86,10.9,3370240.0
2022-08-15,11.0,11.0,10.7,10.75,2879020.0
2022-08-16,10.79,10.79,10.6,10.68,2531110.0
2022-08-17,10.77,10.93,10.65,10.91,3425835.0
2022-08-18,10.86,11.53,10.85,11.26,7357847.0
2022-08-19,11.27,11.63,11.13,11.15,6225660.0
2022-08-22,11.17,11.3,10.97,11.04,3560390.0
2022-08-23,11.0,11.16,10.96,11.08,2559990.0
2022-08-24,11.12,11.12,10.6,10.74,3482077.0
2022-08-25,10.81,10.82,10.33,10.51,3260087.0
2022-08-26,10.55,10.72,10.34,10.41,2574409.0
2022-08-29,10.3,10.43,10.15,10.37,1837560.0
2022-08-30,10.38,10.87,10.31,10.67,4636973.0
2022-08-31,10.6,11.74,10.4,10.89,12374147.0
2022-09-01,10.73,11.98,10.7,11.98,16484929.0
2022-09-02,12.23,12.3,11.45,11.7,30900994.0
2022-09-05,11.53,11.78,11.25,11.63,17223346.0
2022-09-06,11.45,11.63,11.25,11.39,11650428.0
2022-09-07,11.45,11.45,10.97,11.0,10514384.0
2022-09-08,11.05,11.08,10.56,10.67,10288113.0
2022-09-09,10.67,10.7,10.45,10.52,7095315.0
2022-09-13,10.6,10.62,10.38,10.51,5880714.0
2022-09-14,10.26,10.41,10.16,10.33,4798756.0
2022-09-15,10.38,10.39,9.79,9.9,7646405.0
2022-09-16,9.9,9.93,9.65,9.65,4156886.0
2022-09-19,9.61,9.65,9.29,9.39,4636600.0
2022-09-20,9.42,9.57,9.34,9.41,3292876.0
2022-09-21,9.56,9.58,9.33,9.49,3512932.0
2022-09-22,9.42,9.65,9.38,9.5,3462290.0
2022-09-23,9.5,9.59,9.28,9.42,3594308.0
2022-09-26,9.41,9.41,9.13,9.15,3002929.0
2022-09-27,9.14,9.52,9.14,9.51,3557570.0
2022-09-28,9.44,9.61,9.33,9.34,3217123.0
2022-09-29,9.37,9.54,9.19,9.23,2423184.0
2022-09-30,9.2,9.36,9.16,9.17,2159193.0
2022-10-10,9.37,9.68,9.25,9.68,6739014.0
2022-10-11,10.65,10.65,10.65,10.65,2754582.0
2022-10-12,11.72,11.72,11.72,11.72,2894668.0
2022-10-13,12.89,12.89,12.89,12.89,2916599.0
2022-10-14,14.18,14.18,13.66,14.18,75410396.0
2022-10-17,13.7,14.76,13.6,14.46,64318593.0
2022-10-18,14.02,14.19,13.6,14.12,43105044.0
2022-10-19,13.9,14.03,12.93,13.03,39805467.0
2022-10-20,12.91,13.11,12.5,12.5,27749876.0
2022-10-21,12.55,12.72,11.95,12.2,24340803.0
2022-10-24,12.2,12.43,11.96,12.09,20048377.0
2022-10-25,12.09,12.4,11.83,12.3,20346939.0
2022-10-26,12.1,12.66,11.91,12.35,24217201.0
2022-10-27,12.36,12.69,12.13,12.19,23846570.0
2022-10-28,11.9,12.49,11.9,12.02,20509752.0
2022-10-31,11.5,12.26,11.38,11.99,17062467.0
2022-11-01,11.99,12.38,11.99,12.34,16820911.0
2022-11-02,12.3,12.55,12.23,12.41,16459568.0
2022-11-03,12.37,12.43,12.03,12.24,12888609.0
2022-11-04,12.3,12.44,12.13,12.41,13057309.0
2022-11-07,12.45,12.48,12.13,12.25,11771180.0
2022-11-08,12.16,12.4,11.92,12.35,10273227.0
2022-11-09,12.3,12.46,12.1,12.23,8918315.0
2022-11-10,12.23,12.56,12.15,12.24,11807107.0
2022-11-11,12.45,12.6,12.16,12.23,13390112.0
2022-11-14,12.3,12.42,12.04,12.23,9680816.0
2022-11-15,12.21,12.51,12.12,12.4,9892714.0
2022-11-16,12.2,12.53,12.05,12.12,12752266.0
2022-11-17,12.05,12.37,12.04,12.36,8551629.0
2022-11-18,12.38,12.97,12.26,12.45,18457049.0
2022-11-21,12.6,12.75,11.95,12.53,16921718.0
2022-11-22,12.59,12.8,12.25,12.26,13892793.0
2022-11-23,12.26,12.37,11.81,12.15,11077050.0
2022-11-24,12.23,12.49,11.97,12.03,8752280.0
2022-11-25,11.98,12.08,11.84,11.85,6240853.0
2022-11-28,11.68,11.92,11.6,11.85,6892194.0
2022-11-29,11.8,11.95,11.77,11.87,6143746.0
2022-11-30,11.87,12.13,11.81,11.9,6517100.0
2022-12-01,11.84,12.45,11.82,12.29,10304244.0
2022-12-02,12.2,12.66,12.15,12.47,11915459.0
2022-12-05,12.68,13.47,12.61,12.87,15693326.0
2022-12-06,12.8,12.85,12.33,12.39,9548786.0
2022-12-07,12.41,12.49,12.28,12.37,5806614.0
2022-12-08,12.31,12.36,12.0,12.26,5289625.0
2022-12-09,12.2,12.27,12.03,12.16,4844071.0
2022-12-12,12.08,12.28,12.0,12.19,5557455.0
2022-12-13,12.26,12.33,12.0,12.02,4737242.0
2022-12-14,12.0,12.19,11.91,11.93,5429200.0
2022-12-15,11.9,12.23,11.88,12.2,6435364.0
2022-12-16,12.1,12.15,11.87,11.88,5460775.0
2022-12-19,11.85,11.86,11.28,11.5,7536879.0
2022-12-20,11.49,11.67,11.39,11.58,3994170.0
2022-12-21,11.45,11.7,11.43,11.51,3061870.0
2022-12-22,11.51,11.56,11.19,11.19,5040772.0
2022-12-23,11.18,11.49,11.1,11.41,4356568.0
2022-12-26,11.45,11.58,11.3,11.49,3264628.0
2022-12-27,11.57,11.6,11.25,11.41,3956368.0
2022-12-28,11.41,11.45,11.21,11.36,3521330.0
2022-12-29,11.4,11.4,11.14,11.15,3132892.0
2022-12-30,11.13,11.36,11.1,11.24,2675067.0
2023-01-03,11.07,11.83,11.07,11.78,6993610.0
2023-01-04,11.78,12.1,11.73,11.97,6642101.0
2023-01-05,12.03,12.07,11.86,11.97,5081282.0
2023-01-06,11.9,12.05,11.79,11.83,3913466.0
2023-01-09,11.8,11.97,11.74,11.85,4155053.0
2023-01-10,11.89,11.91,11.7,11.72,3094543.0
2023-01-11,11.72,12.0,11.69,11.73,4398157.0
2023-01-12,11.75,11.89,11.68,11.8,2781000.0
2023-01-13,11.8,11.91,11.71,11.83,2908043.0
2023-01-16,11.92,12.13,11.78,12.05,4198761.0
2023-01-17,12.05,12.15,11.98,12.08,4029832.0
2023-01-18,12.05,12.35,12.05,12.31,6208365.0
2023-01-19,12.21,12.39,12.19,12.32,4546596.0
2023-01-20,12.33,12.53,12.29,12.4,4852818.0
2023-01-30,13.45,13.45,13.0,13.17,20946454.0
2023-01-31,13.17,13.68,13.1,13.54,15334898.0
2023-02-01,13.52,13.79,13.45,13.73,12017946.0
2023-02-02,13.76,13.95,13.54,13.57,11349579.0
2023-02-03,13.57,13.81,13.51,13.69,8131452.0
2023-02-06,13.72,14.03,13.61,13.91,10089025.0
2023-02-07,13.99,14.64,13.71,14.6,12174348.0
2023-02-08,14.75,15.0,14.2,14.3,11791999.0
2023-02-09,14.3,15.73,14.08,15.73,17555884.0
2023-02-10,17.26,17.3,15.81,16.04,64261924.0
2023-02-13,15.88,16.68,15.8,16.55,59083726.0
2023-02-14,16.2,16.24,15.89,16.03,33646855.0
2023-02-15,16.16,16.46,15.91,16.25,36209588.0
2023-02-16,15.94,16.2,15.15,15.33,35837626.0
2023-02-17,15.55,16.29,15.51,15.58,26652261.0
2023-02-20,15.86,16.57,15.69,16.2,29117651.0
2023-02-21,16.16,16.42,15.95,16.26,20510782.0
2023-02-22,16.25,16.96,16.13,16.68,25493086.0
2023-02-23,16.68,16.76,16.35,16.43,13632219.0
2023-02-24,16.49,18.07,16.49,18.07,23844475.0
2023-02-27,18.32,18.69,17.73,18.45,44505259.0
2023-02-28,18.87,19.96,18.33,19.9,45789589.0
2023-03-01,19.51,21.89,19.51,21.3,58328053.0
2023-03-02,21.3,23.43,21.03,23.35,71053080.0
2023-03-03,22.69,23.62,22.23,22.9,64868880.0
2023-03-06,22.8,23.45,21.3,21.5,52720771.0
2023-03-07,21.68,21.84,20.91,21.36,41328092.0
2023-03-08,21.2,21.55,20.93,21.45,31346969.0
2023-03-09,21.2,21.79,20.39,21.47,38107573.0
2023-03-10,21.11,22.56,21.11,21.87,43707373.0
2023-03-13,21.87,23.0,20.88,22.53,48974552.0
2023-03-14,22.72,24.78,22.68,24.07,59939673.0
2023-03-15,24.68,24.88,22.31,22.6,54601729.0
2023-03-16,22.33,23.25,21.8,22.54,39446235.0
2023-03-17,22.77,24.35,22.57,23.78,39411954.0
2023-03-20,23.78,26.16,23.66,25.95,51361202.0
2023-03-21,25.6,27.55,25.6,27.55,51348567.0
2023-03-22,27.09,28.98,26.5,28.75,47016372.0
2023-03-23,28.1,28.4,26.78,27.22,59065536.0
2023-03-24,27.29,29.94,26.91,29.94,60888737.0
2023-03-27,31.0,32.93,30.77,32.93,45933168.0
2023-03-28,33.0,36.0,32.05,34.24,62109099.0
2023-03-29,34.86,37.66,34.86,37.66,39872268.0
2023-03-30,39.01,39.77,36.1,38.46,66938073.0
2023-03-31,37.99,38.26,35.12,37.6,61565976.0
2023-04-03,37.43,41.36,37.43,41.36,48751182.0
2023-04-04,43.51,45.5,43.45,45.5,65540593.0
2023-04-06,44.32,47.56,41.39,42.7,86042026.0
2023-04-07,42.61,46.97,42.61,46.97,67949821.0
2023-04-10,47.12,49.48,42.83,45.73,72238732.0
2023-04-11,44.35,46.44,41.85,46.04,56517546.0
2023-04-12,44.79,49.43,43.2,48.6,65541136.0
2023-04-13,47.6,49.28,43.74,45.3,64638471.0
2023-04-14,43.8,45.0,41.81,43.0,52980355.0
2023-04-17,42.5,44.3,41.93,43.4,44641201.0
2023-04-18,44.4,47.74,44.33,47.74,69006354.0
2023-04-19,51.4,52.51,51.0,52.51,42649506.0
2023-04-20,53.42,57.76,53.42,57.76,59953190.0
2023-04-21,59.95,59.95,55.55,57.9,70774595.0
2023-04-24,57.0,60.55,55.02,60.2,67015727.0
2023-04-25,58.99,63.69,57.5,59.65,66215692.0
2023-04-26,58.99,65.62,58.99,64.41,84438008.0
2023-04-27,61.19,62.93,57.97,57.97,66971446.0
2023-04-28,57.19,63.77,57.19,63.0,79198182.0
2023-05-04,62.0,65.94,61.38,65.58,66703234.0
2023-05-05,64.78,65.44,59.02,60.35,76991438.0
2023-05-08,59.1,60.49,54.32,57.76,53499435.0
2023-05-09,57.0,60.49,56.45,57.55,49065322.0
2023-05-10,58.5,60.5,53.52,55.48,54786254.0
2023-05-11,54.0,57.0,52.53,55.2,48707056.0
2023-05-12,54.5,60.7,54.32,58.46,67537745.0
2023-05-15,59.46,61.28,56.58,60.36,58972591.0
2023-05-16,58.93,58.93,54.32,54.32,59491855.0
2023-05-17,52.0,55.61,51.01,52.7,54553086.0
2023-05-18,54.87,57.97,53.65,57.97,55801062.0
2023-05-19,57.97,58.6,53.37,53.5,67058753.0
2023-05-22,52.0,56.55,51.61,55.9,55170949.0
2023-05-23,54.6,61.49,54.6,58.58,92291604.0
2023-05-24,57.0,64.44,56.36,61.99,100435510.0
2023-05-25,63.0,68.19,56.51,68.19,113426371.0
2023-05-26,67.0,74.8,66.03,70.85,95478027.0
2023-05-29,71.03,72.77,68.33,69.61,69110286.0
2023-05-30,67.75,72.5,65.96,71.9,68689754.0
2023-05-31,70.0,74.34,68.0,71.45,67346077.0
2023-06-01,68.21,70.9,68.0,68.15,52264376.0
2023-06-02,69.99,72.18,68.44,70.0,60334387.0
2023-06-05,69.9,71.6,68.72,69.9,44359566.0
2023-06-06,68.64,72.75,66.66,71.0,65948365.0
2023-06-07,71.0,71.88,69.1,70.44,44627371.0
2023-06-08,67.11,69.49,64.51,66.3,55480557.0
2023-06-09,66.0,67.02,62.76,65.13,53149066.0
2023-06-12,64.85,71.64,64.75,71.64,77538239.0
2023-06-13,71.0,71.0,66.7,69.05,65271418.0
2023-06-14,69.74,74.0,69.74,71.2,74181854.0
2023-06-15,71.99,77.11,70.5,73.49,70471074.0
2023-06-16,72.63,74.98,71.04,73.95,61210092.0
2023-06-19,74.77,75.5,71.88,74.45,61496884.0
2023-06-20,72.52,78.6,72.1,75.08,56495531.0
2023-06-21,74.0,76.78,72.0,73.0,46760464.0
2023-06-26,71.0,71.6,65.7,65.7,38636296.0
2023-06-27,63.94,64.68,61.8,62.62,39834444.0
2023-06-28,61.03,62.1,57.93,59.98,43227426.0
2023-06-29,59.9,61.21,59.59,60.54,30124435.0
2023-06-30,60.1,64.99,59.5,62.89,45693566.0
2023-07-03,62.0,63.43,58.58,62.6,41092715.0
2023-07-04,62.35,65.21,62.35,63.15,36778680.0
2023-07-05,62.87,64.22,60.7,60.7,32763411.0
2023-07-06,60.9,64.95,60.25,63.17,46607200.0
2023-07-07,62.6,64.15,61.5,61.88,35029140.0
2023-07-10,61.84,62.12,58.98,59.93,25627873.0
2023-07-11,59.99,60.66,58.88,60.39,20283925.0
2023-07-12,59.5,63.0,57.3,60.48,46158418.0
2023-07-13,61.88,64.33,61.38,62.2,45739740.0
2023-07-14,65.55,68.3,63.5,63.58,71473004.0
2023-07-17,63.26,64.54,61.01,61.98,43278069.0
2023-07-18,61.56,61.98,58.5,58.5,39102094.0
2023-07-19,58.49,59.09,56.79,56.86,24770623.0
2023-07-20,56.68,57.3,54.38,55.0,29071637.0
2023-07-21,54.74,55.28,53.01,53.69,25506593.0
2023-07-24,53.57,55.87,53.35,55.15,28117743.0
2023-07-25,55.2,57.44,54.5,55.98,31433315.0
2023-07-26,55.19,58.87,53.66,57.66,49389768.0
2023-07-27,56.0,56.99,54.8,55.09,29533339.0
2023-07-28,54.5,57.5,54.02,55.6,30063759.0
2023-07-31,54.0,57.19,52.0,55.99,31121695.0
2023-08-01,55.5,57.36,55.44,56.08,29996250.0
2023-08-02,54.9,55.8,53.87,54.87,26112351.0
2023-08-03,54.2,55.38,53.75,54.11,20811533.0
2023-08-04,54.25,55.95,54.01,55.92,34314369.0
2023-08-07,56.0,57.0,55.01,55.08,35772516.0
2023-08-08,54.5,56.1,54.44,54.65,21422565.0
2023-08-09,54.0,54.0,49.94,49.98,38811790.0
2023-08-10,49.5,49.96,48.18,48.39,30550511.0
2023-08-11,48.77,49.09,47.82,48.28,18962781.0
2023-08-14,48.28,50.17,48.28,49.95,25963881.0
2023-08-15,50.19,50.98,48.61,49.05,22309009.0
2023-08-16,48.31,50.9,47.5,49.9,31326721.0
2023-08-17,49.0,50.66,48.71,49.8,25727488.0
2023-08-18,49.01,49.56,47.6,47.6,23864106.0
2023-08-21,47.5,51.83,47.42,49.9,39995475.0
2023-08-22,50.89,51.2,48.48,50.64,37714464.0
2023-08-23,49.66,49.7,47.66,47.66,25461471.0
2023-08-24,48.61,48.86,47.15,47.21,22189289.0
2023-08-25,45.99,46.35,44.3,44.85,25926017.0
2023-08-28,47.5,47.6,45.8,45.9,26097524.0
2023-08-29,46.2,47.87,45.11,47.62,27681646.0
2023-08-30,47.34,48.95,47.34,48.41,25364948.0
2023-08-31,48.22,48.88,47.61,47.69,16695001.0
2023-09-01,47.69,48.04,46.62,46.8,12722895.0
2023-09-04,47.02,47.42,46.57,47.22,11439386.0
2023-09-05,47.18,48.91,46.34,48.19,26800098.0
2023-09-06,47.5,49.58,46.35,48.81,31273631.0
2023-09-07,48.11,48.32,45.55,45.55,29826016.0
2023-09-08,44.98,45.8,44.46,44.71,14835810.0
2023-09-11,44.67,47.47,44.45,46.26,26535719.0
2023-09-12,45.91,47.8,45.85,46.2,26461127.0
2023-09-13,45.8,45.97,43.71,44.22,19504853.0
2023-09-14,44.22,45.4,43.71,43.98,13297893.0
2023-09-15,43.98,44.42,43.04,43.25,14196541.0
2023-09-18,43.09,43.6,42.39,42.46,12312768.0
2023-09-19,42.59,43.07,41.88,42.01,14455907.0
2023-09-20,42.97,46.21,42.85,44.41,54365840.0
2023-09-21,43.77,45.2,43.38,43.73,33714035.0
2023-09-22,43.7,48.1,43.57,48.1,29275048.0
2023-09-25,52.91,52.91,52.91,52.91,7524263.0
2023-09-26,54.2,56.77,53.68,54.12,98527366.0
2023-09-27,53.01,54.58,53.0,53.23,52855188.0
2023-09-28,53.94,54.6,52.3,54.36,53313441.0
2023-10-09,53.4,53.73,52.25,52.25,36976781.0
2023-10-10,52.2,53.79,51.65,52.4,31810864.0
2023-10-11,52.0,52.98,50.71,51.09,35741994.0
2023-10-12,51.76,51.93,49.22,49.5,29185009.0
2023-10-13,49.66,50.5,48.71,49.22,27306875.0
2023-10-16,48.77,49.49,48.21,48.55,18199613.0
2023-10-17,48.3,48.69,44.81,45.79,33047396.0
2023-10-18,44.0,44.44,42.45,42.88,28507048.0
2023-10-19,42.88,46.0,42.36,44.27,33602964.0
2023-10-20,39.84,40.22,39.84,39.84,12099000.0
2023-10-23,35.9,36.7,35.86,35.86,24357693.0
2023-10-24,36.9,37.44,35.37,36.19,39435086.0
2023-10-25,35.52,36.33,35.01,35.71,29121996.0
2023-10-26,35.37,39.28,34.75,38.19,46552827.0
2023-10-27,37.14,37.8,36.52,36.96,30037972.0
2023-10-30,36.81,37.33,36.59,37.18,19841085.0
2023-10-31,37.35,37.5,35.81,35.99,21307765.0
2023-11-01,36.0,36.58,35.48,35.5,14459566.0
2023-11-02,35.99,36.45,35.17,35.36,15287548.0
2023-11-03,35.36,36.24,35.28,35.88,17836237.0
2023-11-06,36.02,37.42,35.9,37.21,25642277.0
2023-11-07,37.1,40.05,36.9,39.02,42381738.0
2023-11-08,38.4,39.46,37.86,39.08,32108631.0
2023-11-09,39.06,40.87,39.05,39.45,30454821.0
2023-11-10,39.0,39.82,38.4,38.6,18561220.0
2023-11-13,39.03,39.98,38.86,39.47,23290173.0
2023-11-14,39.46,40.4,38.8,39.94,25547600.0
2023-11-15,40.4,40.58,39.0,39.55,20624048.0
2023-11-16,39.3,40.51,39.11,39.53,22121152.0
2023-11-17,39.63,43.48,39.13,43.48,58548329.0
2023-11-20,43.78,46.44,43.48,45.0,56310347.0
2023-11-21,45.35,46.24,43.3,43.72,42532676.0
2023-11-22,43.14,43.2,41.48,41.5,28157572.0
2023-11-23,41.49,41.87,40.67,41.56,19408597.0
2023-11-24,41.55,41.55,38.56,39.03,26895719.0
2023-11-27,38.45,39.39,38.4,38.87,18443174.0
2023-11-28,38.79,39.04,37.77,37.9,17199096.0
2023-11-29,37.81,39.66,37.7,38.4,22038316.0
2023-11-30,38.16,38.96,38.03,38.83,17507491.0
2023-12-01,38.43,42.0,37.88,41.3,39834266.0
2023-12-04,41.0,41.51,40.67,40.9,24101587.0
2023-12-05,40.7,40.79,38.71,38.71,24878412.0
2023-12-06,38.4,38.88,38.0,38.07,16246402.0
2023-12-07,38.07,39.87,37.62,39.2,24075356.0
2023-12-08,39.65,43.12,39.25,43.12,43307094.0
2023-12-11,42.5,43.5,42.13,43.06,38644563.0
2023-12-12,43.0,43.61,41.88,42.84,28789531.0
2023-12-13,42.74,44.87,42.38,43.44,39638885.0
2023-12-14,43.68,43.8,41.81,41.94,26606878.0
2023-12-15,42.57,42.71,39.89,40.85,22310401.0
2023-12-18,40.85,41.29,39.91,40.15,15514055.0
2023-12-19,39.99,40.39,38.88,39.92,14996835.0
2023-12-20,39.98,39.99,38.42,38.47,13727483.0
2023-12-21,38.2,39.92,37.32,39.0,18107470.0
2023-12-22,38.81,39.28,37.53,37.64,16521184.0
2023-12-25,37.88,38.13,36.71,37.27,9886460.0
2023-12-26,37.01,37.12,35.65,35.95,13392912.0
2023-12-27,36.34,36.49,35.75,36.02,9975563.0
2023-12-28,36.32,37.11,35.88,36.81,14254767.0
2023-12-29,36.71,38.4,36.61,37.72,17896913.0
2024-01-02,37.46,37.89,37.13,37.33,9892557.0
2024-01-03,37.07,37.47,36.0,36.64,10491302.0
2024-01-04,36.86,36.88,35.76,35.92,9066631.0
2024-01-05,35.73,35.81,33.2,33.34,22244333.0
2024-01-08,33.06,33.5,32.0,32.51,10723458.0
2024-01-09,32.98,33.78,32.83,33.17,10862058.0
2024-01-10,33.17,33.17,31.89,32.2,8441545.0
2024-01-11,32.09,33.47,32.08,33.24,11441116.0
2024-01-12,33.26,33.27,32.4,32.53,8858551.0
2024-01-15,32.23,32.79,32.05,32.5,6236480.0
2024-01-16,32.39,32.39,31.51,32.01,9231343.0
2024-01-17,32.0,32.41,31.47,31.47,8358744.0
2024-01-18,32.29,34.62,31.55,34.62,29341385.0
2024-01-19,37.51,38.08,37.03,38.08,25087796.0
2024-01-22,40.08,41.0,36.9,36.9,70966420.0
2024-01-23,36.68,40.59,36.68,40.59,29937352.0
2024-01-24,42.4,44.65,40.62,44.65,85249810.0
2024-01-25,43.0,48.89,42.16,45.02,82281817.0
2024-01-26,43.0,47.34,42.41,43.52,72132507.0
2024-01-29,41.04,42.8,39.17,39.24,54840842.0
2024-01-30,38.0,39.62,35.82,36.14,42711132.0
2024-01-31,35.99,37.18,34.7,34.72,38326135.0
2024-02-01,34.2,38.19,33.42,38.19,40338479.0
2024-02-02,38.19,41.28,38.09,39.34,66874059.0
2024-02-05,39.35,42.99,37.8,39.7,62981457.0
2024-02-06,37.0,42.08,35.83,41.25,60446425.0
2024-02-07,41.25,43.5,40.21,41.68,53607895.0
2024-02-08,42.56,43.77,41.51,42.16,50561845.0
2024-02-19,43.97,46.38,42.88,46.38,66613103.0
2024-02-20,45.48,46.47,44.17,44.94,58855244.0
2024-02-21,43.0,44.88,42.58,43.09,46522529.0
2024-02-22,44.41,44.81,43.0,43.9,40135916.0
2024-02-23,44.8,48.0,43.51,45.43,58697160.0
2024-02-26,43.94,47.0,43.56,46.2,51597650.0
2024-02-27,45.14,50.65,44.88,48.95,62098387.0
2024-02-28,48.0,48.88,44.06,44.07,58062099.0
2024-02-29,44.51,46.4,44.51,45.79,39005303.0
2024-03-01,45.5,48.9,45.5,48.18,52014031.0
2024-03-04,49.0,50.74,46.82,48.57,56218787.0
2024-03-05,47.7,52.5,47.36,50.01,64072598.0
2024-03-06,48.5,49.83,48.25,49.24,37770749.0
2024-03-07,49.0,49.75,46.1,46.28,41809535.0
2024-03-08,47.48,49.6,47.08,49.0,44675806.0
2024-03-11,46.91,48.7,46.51,48.35,34154685.0
2024-03-12,48.2,52.02,48.0,49.59,50303353.0
2024-03-13,50.98,50.99,48.5,48.65,37845642.0
2024-03-14,47.49,48.96,47.2,47.84,28924370.0
2024-03-15,47.8,50.71,47.55,49.75,44644779.0
2024-03-18,49.25,50.43,48.99,49.97,40896926.0
2024-03-19,47.36,52.0,46.97,49.51,58697869.0
2024-03-20,48.8,50.15,47.86,48.35,34132627.0
2024-03-21,48.69,48.75,47.11,47.18,29166281.0
2024-03-22,46.8,47.18,44.86,44.9,32862491.0
2024-03-25,44.77,45.45,43.26,43.37,25940623.0
2024-03-26,43.1,43.91,41.12,41.99,23919098.0
2024-03-27,41.58,41.79,38.69,38.73,28269626.0
2024-03-28,38.78,40.46,38.75,39.86,25246747.0
2024-03-29,39.5,40.11,38.89,39.71,16236867.0
2024-04-01,40.02,41.96,40.02,41.79,26400943.0
2024-04-02,41.8,42.0,40.2,40.75,20382550.0
2024-04-03,40.35,40.35,39.0,39.1,14613730.0
2024-04-08,38.83,39.47,38.22,38.53,12964916.0
2024-04-09,38.4,38.76,37.25,37.86,16118664.0
2024-04-10,37.8,37.8,36.3,36.75,12921246.0
2024-04-11,36.05,37.09,35.88,36.37,15360455.0
2024-04-12,36.58,38.16,36.58,37.4,22316333.0
2024-04-15,37.03,37.79,35.5,35.95,17306629.0
2024-04-16,35.58,35.6,33.5,33.5,19056508.0
2024-04-17,34.0,36.2,34.0,36.09,19517028.0
2024-04-18,35.72,36.49,35.02,35.55,16944264.0
2024-04-19,35.3,35.75,34.31,34.65,12434420.0
2024-04-22,33.48,34.26,33.03,33.89,10240489.0
2024-04-23,33.89,34.8,33.87,34.17,10652184.0
2024-04-24,34.2,35.78,33.9,35.65,18001537.0
2024-04-25,35.26,35.94,35.14,35.46,12512420.0
2024-04-26,35.87,36.86,35.55,36.5,20764809.0
2024-04-29,36.94,37.44,36.7,37.23,16952575.0
2024-04-30,37.25,37.58,36.18,36.55,14101098.0
2024-05-06,37.2,37.36,36.23,36.5,11616898.0
2024-05-07,36.84,37.09,35.76,35.98,12581418.0
2024-05-08,35.8,35.83,34.93,35.06,10544214.0
2024-05-09,35.06,35.8,34.94,35.52,9681884.0
2024-05-10,35.45,35.54,34.6,34.74,9079424.0
2024-05-13,34.72,34.72,33.86,33.94,8826146.0
2024-05-14,34.2,34.76,33.96,34.58,10014318.0
2024-05-15,34.5,35.29,34.07,34.55,9991641.0
2024-05-16,35.08,35.33,34.59,34.76,12444445.0
2024-05-17,34.42,34.88,34.01,34.87,10606200.0
2024-05-20,34.75,35.81,34.36,35.6,15287379.0
2024-05-21,35.55,35.68,35.0,35.16,9272208.0
2024-05-22,34.93,36.7,34.65,35.97,15605730.0
2024-05-23,36.08,36.4,35.39,35.72,15525053.0
2024-05-24,35.44,36.29,34.22,34.28,14644126.0
2024-05-27,34.28,34.85,33.25,33.97,11201400.0
2024-05-28,33.65,34.15,33.16,33.16,9074570.0
2024-05-29,33.27,34.28,33.0,33.42,9619985.0
2024-05-30,33.27,33.3,32.47,32.57,8866848.0
2024-05-31,32.57,34.59,32.57,33.86,16471967.0
2024-06-03,34.35,34.44,33.3,33.83,12492270.0
2024-06-04,33.44,33.61,32.98,33.29,7659557.0
2024-06-05,33.15,33.59,32.83,32.87,6359040.0
2024-06-06,33.0,33.29,31.52,31.53,11245257.0
2024-06-07,31.97,31.97,30.58,30.82,10495486.0
2024-06-11,30.57,30.96,30.0,30.94,7893326.0
2024-06-12,30.98,31.57,30.88,31.52,8340460.0
2024-06-13,31.51,31.85,31.12,31.14,7596005.0
2024-06-14,31.74,34.25,31.2,34.25,19215848.0
2024-06-17,36.0,36.43,35.38,35.9,43915988.0
2024-06-18,35.9,38.89,35.9,37.3,46296139.0
2024-06-19,37.19,37.45,35.75,35.75,30126461.0
2024-06-20,35.8,36.28,34.4,34.43,22926342.0
2024-06-21,33.9,35.48,33.5,34.73,22817877.0
2024-06-24,34.04,34.65,32.42,32.53,17839384.0
2024-06-25,32.39,33.28,31.75,32.06,13315632.0
2024-06-26,32.51,33.21,31.8,33.04,14150372.0
2024-06-27,32.67,32.82,31.62,31.68,11561378.0
2024-06-28,31.68,32.99,31.6,32.28,14430963.0
2024-07-01,32.14,33.37,32.01,32.98,13820093.0
2024-07-02,32.71,32.9,32.21,32.47,9325513.0
2024-07-03,32.12,32.29,31.63,31.83,7585320.0
2024-07-04,31.95,32.17,30.8,30.86,9582757.0
2024-07-05,30.86,31.44,30.05,31.27,8543492.0
2024-07-08,31.15,31.38,30.25,30.29,6723711.0
2024-07-09,30.31,31.78,29.7,31.51,13556563.0
2024-07-10,31.2,31.76,31.13,31.27,8976994.0
2024-07-11,31.72,32.65,31.3,32.21,14185365.0
2024-07-12,31.6,31.75,31.08,31.08,8635772.0
2024-07-15,31.28,31.28,30.55,30.77,5446982.0
2024-07-16,30.74,31.25,30.63,31.1,6866635.0
2024-07-17,30.98,31.22,30.5,30.52,6136239.0
2024-07-18,30.03,30.17,29.29,29.86,9867517.0
2024-07-19,29.69,30.59,29.56,30.28,7363173.0
2024-07-22,30.14,30.78,30.14,30.45,5411855.0
2024-07-23,30.6,30.76,29.38,29.4,7149828.0
2024-07-24,29.26,30.4,29.21,29.43,7516916.0
2024-07-25,29.11,29.18,28.14,28.52,9760479.0
2024-07-26,28.52,28.98,28.45,28.63,6152771.0
2024-07-29,28.64,29.11,28.41,28.77,6215294.0
2024-07-30,28.58,29.2,28.3,28.94,6934852.0
2024-07-31,28.85,30.93,28.78,30.45,16349008.0
2024-08-01,29.92,30.42,29.68,29.82,13552636.0
2024-08-02,29.46,29.9,28.9,28.9,8739200.0
2024-08-05,28.42,29.05,27.27,27.27,11592747.0
2024-08-06,27.88,28.03,27.31,27.68,7228911.0
2024-08-07,27.69,28.35,27.62,28.0,8869669.0
2024-08-08,27.7,28.08,27.29,27.98,7929401.0
2024-08-09,28.05,28.22,27.44,27.44,8200282.0
2024-08-12,27.39,27.49,26.86,27.17,6235300.0
2024-08-13,27.19,27.46,26.94,27.3,4739982.0
2024-08-14,27.8,27.89,27.32,27.38,4860700.0
2024-08-15,27.26,28.04,27.19,27.65,7259780.0
2024-08-16,27.95,28.29,27.65,27.65,7194500.0
2024-08-19,27.35,27.99,27.27,27.57,5262300.0
2024-08-20,27.57,27.72,27.03,27.06,4563413.0
2024-08-21,27.2,27.33,26.9,26.92,3856000.0
2024-08-22,26.92,27.05,26.22,26.31,6237294.0
2024-08-23,26.23,26.57,26.06,26.47,5054433.0
2024-08-26,26.47,26.66,25.91,26.07,5115913.0
2024-08-27,26.0,26.0,25.34,25.39,6015251.0
2024-08-28,25.4,25.48,24.85,25.17,5809075.0
2024-08-29,25.06,25.81,24.76,25.59,6472490.0
2024-08-30,25.61,26.73,25.55,26.36,9233929.0
2024-09-02,26.9,26.92,25.78,25.82,7016198.0
2024-09-03,25.75,26.85,25.7,26.28,8681821.0
2024-09-04,25.9,26.58,25.8,26.33,7114940.0
2024-09-05,26.44,26.89,26.27,26.84,8061755.0
2024-09-06,26.6,26.83,25.72,25.75,7756468.0
2024-09-09,25.7,26.4,25.41,26.12,6891896.0
2024-09-10,25.93,28.73,25.68,28.73,38441219.0
2024-09-11,27.91,28.73,27.6,27.84,33489624.0
2024-09-12,28.47,28.86,27.19,27.37,21851829.0
2024-09-13,27.21,28.08,27.15,27.35,23679661.0
2024-09-18,26.87,27.2,26.29,26.5,14532333.0
2024-09-19,26.65,26.88,26.0,26.83,13604163.0
2024-09-20,27.06,27.16,26.1,26.21,14753790.0
2024-09-23,26.22,28.83,25.8,28.83,43860387.0
2024-09-24,28.42,29.57,28.41,29.3,45788789.0
2024-09-25,29.6,30.0,29.03,29.19,35773998.0
2024-09-26,29.19,29.99,28.85,29.96,26024553.0
2024-09-27,30.27,31.9,29.86,31.05,22820792.0
2024-09-30,32.52,34.16,31.63,34.16,37856993.0
2024-10-08,37.58,37.58,34.58,37.57,43948925.0
2024-10-09,36.0,36.46,33.81,33.81,32461215.0
2024-10-10,33.8,34.17,32.0,32.45,21168038.0
2024-10-11,32.42,32.42,29.98,30.43,17070241.0
2024-10-14,30.4,31.8,30.1,31.8,16323379.0
2024-10-15,31.95,32.56,31.3,31.44,20524231.0
2024-10-16,30.5,31.47,30.46,30.93,12061924.0
2024-10-17,31.27,31.84,31.08,31.32,15814164.0
2024-10-18,31.33,33.53,31.25,32.62,30004981.0
2024-10-21,34.73,35.88,34.31,35.88,35520514.0
2024-10-22,37.4,37.4,35.66,35.93,60655576.0
2024-10-23,35.01,36.82,34.88,35.64,34324136.0
2024-10-24,35.15,36.88,34.65,35.87,30531984.0
2024-10-25,35.7,36.63,35.16,36.32,30833834.0
2024-10-28,36.33,37.5,36.2,37.15,32393229.0
2024-10-29,37.14,37.92,35.8,36.08,33554869.0
2024-10-30,35.56,36.97,35.55,36.4,23028646.0
2024-10-31,36.0,38.25,35.62,37.2,34136551.0
2024-11-01,37.3,40.92,36.78,40.92,67663949.0
2024-11-04,40.93,45.01,40.93,45.01,23385192.0
2024-11-05,47.0,49.0,42.75,46.27,92255618.0
2024-11-06,48.3,50.9,45.86,46.32,72628137.0
2024-11-07,44.96,50.8,44.14,48.64,65650143.0
2024-11-08,49.54,53.5,48.71,52.06,78097518.0
2024-11-11,52.06,56.55,50.43,55.6,67757147.0
2024-11-12,57.98,60.5,55.72,56.94,63307922.0
2024-11-13,55.99,56.93,53.12,53.98,51044848.0
2024-11-14,52.9,54.07,50.75,50.8,40286919.0
2024-11-15,50.95,51.4,46.5,46.65,46883841.0
2024-11-18,46.86,47.2,44.22,45.0,29216091.0
2024-11-19,44.96,46.89,44.78,46.67,31355866.0
2024-11-20,46.76,50.2,46.76,49.05,42523453.0
2024-11-21,48.03,49.48,47.24,48.01,32421166.0
2024-11-22,47.6,48.6,45.33,45.35,25567459.0
2024-11-25,44.51,45.29,41.9,43.03,35823210.0
2024-11-26,43.47,43.8,42.53,42.7,19211621.0
2024-11-27,42.5,42.93,40.76,42.86,21778857.0
2024-11-28,42.53,43.86,41.67,42.25,27761019.0
2024-11-29,42.21,43.5,41.75,42.7,27265911.0
2024-12-02,43.0,44.49,42.8,44.0,24383578.0
2024-12-03,43.86,44.03,42.7,43.31,17202000.0
2024-12-04,42.9,43.7,42.39,42.67,13333362.0
2024-12-05,42.79,43.66,42.36,43.19,16163739.0
2024-12-06,43.01,43.98,42.62,43.39,17403847.0
2024-12-09,43.08,43.42,41.71,42.12,17593560.0
2024-12-10,43.2,43.43,42.1,42.15,17549214.0
2024-12-11,42.0,43.5,41.88,43.44,19834673.0
2024-12-12,43.25,44.29,43.21,43.85,20292815.0
2024-12-13,43.64,44.09,42.69,42.72,14937942.0
2024-12-16,43.2,43.82,41.8,42.95,18965205.0
2024-12-17,42.45,43.55,40.68,40.98,24568247.0
2024-12-18,41.13,41.69,40.02,41.26,18226784.0
2024-12-19,41.41,43.25,40.27,42.78,27981200.0
2024-12-20,42.7,46.09,42.26,44.86,43524541.0
2024-12-23,44.94,46.58,43.04,43.38,35523540.0
2024-12-24,43.99,44.98,43.05,44.81,26841198.0
2024-12-25,44.81,48.99,44.34,47.26,43460371.0
2024-12-26,46.8,49.79,46.08,48.57,44827170.0
2024-12-27,48.45,48.45,45.1,45.23,43085761.0
2024-12-30,44.99,44.99,42.51,42.6,29808049.0
2024-12-31,42.69,43.2,40.51,40.6,24706815.0
2025-01-02,40.36,41.14,38.4,38.96,22747400.0
2025-01-03,39.42,39.5,36.87,37.0,18191242.0
2025-01-06,38.35,40.7,38.2,40.7,41070344.0
2025-01-07,39.9,40.88,38.97,40.71,38337246.0
2025-01-08,40.0,40.31,38.3,39.88,27606677.0
2025-01-09,39.48,40.45,39.48,39.8,19401925.0
2025-01-10,40.0,40.12,37.85,37.85,18245806.0
2025-01-13,37.03,38.1,36.58,37.51,13623835.0
2025-01-14,38.0,39.95,37.31,39.92,22374441.0
2025-01-15,39.8,40.26,39.25,39.37,14420977.0
2025-01-16,39.7,41.3,39.43,40.96,31254561.0
2025-01-17,40.0,40.75,39.9,40.17,21116700.0
2025-01-20,40.45,41.77,40.22,41.03,21943030.0
2025-01-21,41.66,41.76,40.68,41.24,19081919.0
2025-01-22,41.97,44.0,41.97,42.53,34969235.0
2025-01-23,42.0,43.78,41.2,41.2,31713999.0
2025-01-24,40.5,42.8,40.5,42.78,25177839.0
2025-01-27,42.21,42.21,39.8,39.88,24641360.0
2025-02-05,39.5,40.15,38.01,40.09,20469016.0
2025-02-06,40.0,41.2,39.28,41.18,19648268.0
2025-02-07,41.19,42.94,41.14,42.14,27473715.0
2025-02-10,42.3,42.83,42.02,42.77,20529900.0
2025-02-11,42.8,42.81,41.9,42.04,16833201.0
2025-02-12,42.74,43.88,42.5,43.74,31015122.0
2025-02-13,43.71,43.76,42.69,42.71,21110314.0
2025-02-14,43.25,44.2,42.87,43.39,26412774.0
2025-02-17,43.38,45.74,42.95,45.35,36785711.0
2025-02-18,44.61,44.96,42.6,42.85,27632850.0
2025-02-19,44.0,44.1,43.08,43.74,19899631.0
2025-02-20,43.63,43.65,42.78,43.19,16703933.0
2025-02-21,43.0,45.15,42.99,44.93,33615239.0
2025-02-24,44.6,44.66,43.6,44.33,20993366.0
2025-02-25,43.42,43.6,42.78,42.96,24428830.0
2025-02-26,42.9,43.33,42.33,43.32,18236850.0
2025-02-27,43.2,43.21,40.23,40.87,31766132.0
2025-02-28,40.01,40.5,39.39,39.5,15256441.0
2025-03-03,39.56,40.09,38.84,39.5,10246200.0
2025-03-04,38.99,39.93,38.89,39.89,8690737.0
2025-03-05,39.88,40.36,39.7,40.06,8890900.0
2025-03-06,40.3,41.39,40.14,40.93,13517885.0
2025-03-07,40.6,40.85,39.96,40.17,10656916.0
2025-03-10,40.14,40.33,39.71,40.21,6456776.0
2025-03-11,39.81,40.06,39.53,39.87,6933173.0
2025-03-12,40.05,40.84,39.96,40.29,9745709.0
2025-03-13,40.6,40.65,39.02,39.31,9940300.0
2025-03-14,39.2,40.11,39.01,39.9,8133191.0
2025-03-17,40.01,40.17,39.86,39.94,6475832.0
2025-03-18,39.98,40.78,39.77,40.54,11809542.0
2025-03-19,40.25,40.25,39.65,39.81,7864773.0
2025-03-20,39.81,39.95,39.4,39.44,5537000.0
2025-03-21,39.43,39.43,38.36,38.37,7846499.0
2025-03-24,38.37,38.6,37.3,38.14,7176740.0
2025-03-25,38.39,38.49,37.58,37.63,5028400.0
2025-03-26,37.7,37.99,37.64,37.77,3697300.0
2025-03-27,37.95,38.1,37.39,37.86,4835033.0
2025-03-28,37.97,38.07,37.11,37.15,4482191.0
2025-03-31,37.22,37.53,36.8,37.32,5055532.0
2025-04-01,37.5,37.97,37.25,37.67,4636234.0
2025-04-02,37.67,38.03,37.5,37.81,3903029.0
2025-04-03,37.33,37.94,36.42,36.82,6886638.0
2025-04-07,33.5,34.19,33.14,33.14,5273600.0
2025-04-08,33.0,33.25,29.83,30.61,18631325.0
2025-04-09,30.31,31.89,27.56,31.11,19067300.0
2025-04-10,32.04,32.58,31.43,31.48,13792412.0
2025-04-11,31.2,32.2,31.0,31.72,10309948.0
2025-04-14,33.0,33.24,32.26,32.39,10290840.0
2025-04-15,32.5,32.68,31.98,32.16,5790528.0
2025-04-16,32.16,32.22,31.26,31.62,5844488.0
2025-04-17,31.44,32.08,31.4,31.71,5075447.0
2025-04-18,31.71,32.34,31.35,32.0,7111912.0
2025-04-21,33.0,33.0,32.21,32.68,8787367.0
2025-04-22,32.38,32.64,32.23,32.35,6162602.0
2025-04-23,32.88,33.59,32.69,33.42,14687502.0
2025-04-24,33.25,33.36,32.5,32.53,8765100.0
2025-04-25,32.62,34.8,32.62,33.83,17449719.0
2025-04-28,33.71,33.76,32.87,32.92,9130543.0
2025-04-29,33.31,33.52,32.65,33.29,7678442.0
2025-04-30,32.99,34.41,32.71,33.79,13622736.0
2025-05-06,34.16,34.74,33.99,34.7,11995600.0
2025-05-07,35.2,35.35,34.34,34.61,10510840.0
2025-05-08,34.61,38.07,34.6,38.07,39531828.0
2025-05-09,37.6,40.35,37.31,38.99,50173682.0
2025-05-12,41.0,42.68,40.23,41.61,52382565.0
2025-05-13,42.68,43.6,41.63,41.95,43879721.0
2025-05-14,41.11,42.49,39.52,39.92,56271611.0
2025-05-15,40.5,40.5,38.51,39.18,20820304.0
2025-05-16,39.0,41.54,38.88,40.18,29998400.0
2025-05-19,40.5,40.8,38.69,39.16,14208879.0
2025-05-20,38.91,39.45,38.24,38.99,10462600.0
2025-05-21,39.16,39.16,37.44,38.32,16425801.0
2025-05-22,38.0,38.78,37.88,37.95,12086752.0
2025-05-23,37.9,38.18,36.57,36.59,12134800.0
2025-05-26,36.59,37.67,36.13,36.82,11766086.0
2025-05-27,36.65,36.65,35.22,35.49,11422460.0
2025-05-28,35.5,38.65,35.5,37.61,32230275.0
2025-05-29,37.1,38.46,37.1,37.42,25632801.0
2025-05-30,37.67,37.68,36.15,36.48,12605600.0
2025-06-03,35.92,36.55,35.69,36.08,9505400.0
2025-06-04,36.5,38.89,36.3,38.03,28121000.0
2025-06-05,38.03,41.83,37.37,41.83,48854100.0
2025-06-06,41.83,45.95,41.1,45.11,71133486.0
2025-06-09,45.1,45.55,44.02,44.43,49295315.0
2025-06-10,44.88,44.9,43.2,44.1,30476218.0
2025-06-11,44.44,44.87,43.59,43.7,24131237.0
2025-06-12,43.0,47.3,42.7,45.05,47961879.0
2025-06-13,45.04,46.49,44.08,44.92,31767500.0
2025-06-16,44.44,47.98,44.44,46.17,32119153.0
2025-06-17,46.19,46.5,44.2,45.2,23741600.0
2025-06-18,45.4,47.78,44.8,47.2,44499141.0
2025-06-19,46.99,48.98,46.64,46.75,40509419.0
2025-06-20,46.84,47.12,44.16,45.12,31780658.0
2025-06-23,44.86,48.64,44.86,47.15,43453615.0
2025-06-24,47.68,48.15,45.81,46.26,28458493.0
2025-06-25,47.1,48.4,45.88,47.53,38182792.0
2025-06-26,48.06,49.0,47.0,47.33,31522624.0
2025-06-27,47.1,49.6,46.1,47.51,44157721.0
2025-06-30,47.5,47.85,46.31,47.3,38823640.0
2025-07-01,47.3,48.0,46.0,47.53,30046308.0
2025-07-02,46.8,46.82,44.0,44.78,31034506.0
2025-07-03,45.26,46.12,44.8,45.7,22971137.0
2025-07-04,46.12,46.3,43.67,43.96,27575543.0
2025-07-07,43.09,46.08,41.6,44.9,42946578.0
2025-07-08,44.3,48.32,43.73,47.66,46105778.0
2025-07-09,47.66,48.58,46.9,47.55,27361416.0
2025-07-10,47.66,48.33,46.55,47.48,20387130.0
2025-07-11,46.84,48.5,46.6,47.56,26567170.0
2025-07-14,47.98,50.28,47.8,48.72,30406300.0
2025-07-15,50.5,52.31,48.66,49.46,63651951.0
2025-07-16,49.47,49.9,47.64,47.8,40582310.0
2025-07-17,46.9,52.58,46.47,52.58,38387605.0
2025-07-18,52.58,52.88,50.95,51.1,40537772.0
2025-07-21,50.4,51.5,49.0,49.72,28708512.0
2025-07-22,49.88,52.5,48.88,49.0,36545820.0
2025-07-23,48.5,48.81,47.2,48.78,26596180.0
2025-07-24,49.5,50.07,47.84,48.0,25761584.0
2025-07-25,48.01,48.28,47.15,47.69,18348957.0
2025-07-28,47.8,49.5,47.8,49.22,27341786.0
2025-07-29,48.79,50.8,48.61,50.78,32267872.0
2025-07-30,50.0,50.15,48.48,49.35,25026520.0
2025-07-31,50.63,54.29,50.6,54.28,74150115.0
2025-08-01,52.65,54.42,50.5,50.87,54925045.0
2025-08-04,50.01,51.0,49.56,50.42,26773011.0
2025-08-05,51.43,51.96,49.42,50.56,30260281.0
2025-08-06,50.1,50.7,49.69,50.36,21032260.0
2025-08-07,50.5,51.32,48.3,49.78,28665399.0
2025-08-08,49.32,50.23,48.98,49.34,15133352.0
2025-08-11,49.42,52.23,49.23,51.61,32197920.0
2025-08-12,51.55,51.9,50.88,51.78,22150157.0
2025-08-13,51.94,56.96,51.4,56.92,55126151.0
2025-08-14,55.58,56.3,53.33,53.46,35091764.0
2025-08-15,53.52,54.38,52.8,53.58,27220668.0
2025-08-18,54.4,58.94,54.05,58.94,49576356.0
2025-08-19,60.68,64.83,60.02,64.83,20758897.0
2025-08-20,64.45,67.64,62.83,66.65,64286788.0
2025-08-21,65.52,66.65,60.02,62.67,50096046.0
2025-08-22,63.0,67.99,62.0,66.25,46079811.0
2025-08-25,72.88,72.88,72.88,72.88,5465538.0
2025-08-26,80.17,80.17,80.17,80.17,2459102.0
2025-08-27,88.19,88.19,88.19,88.19,3930369.0
2025-08-28,94.99,95.08,81.99,95.08,97966240.0
2025-08-29,94.89,98.8,89.3,93.65,61459996.0
2025-09-01,95.0,98.0,90.57,93.95,63137968.0
2025-09-02,91.92,94.92,84.56,84.56,44373701.0
2025-09-03,83.0,86.86,81.0,84.4,51078837.0
2025-09-04,85.11,86.0,75.96,75.96,42626954.0
2025-09-05,74.71,81.5,74.16,80.8,46780023.0
2025-09-08,80.73,82.2,78.7,80.04,32575254.0
2025-09-09,79.4,82.15,78.43,79.9,28058513.0
2025-09-10,85.88,87.29,82.68,83.87,41361994.0
2025-09-11,85.9,92.26,84.31,92.26,43874446.0
2025-09-12,93.92,101.49,92.94,101.49,36315863.0
2025-09-15,103.0,111.64,102.88,109.0,64658764.0
2025-09-16,113.0,119.9,111.8,119.9,50029456.0
2025-09-17,117.75,123.98,115.57,118.88,50412112.0
2025-09-18,117.3,122.58,113.93,115.7,40193536.0
2025-09-19,118.01,120.22,111.84,112.02,32719667.0
2025-09-22,114.82,119.36,110.11,115.82,29020336.0
2025-09-23,123.9,124.0,110.51,114.95,37905269.0
2025-09-24,110.27,114.58,107.24,113.52,28832648.0
2025-09-25,112.0,124.87,112.0,124.87,39430049.0
2025-09-26,128.0,135.66,126.6,133.05,50708332.0
2025-09-29,129.06,142.5,129.06,132.26,42794942.0
2025-09-30,132.59,138.58,126.66,127.8,35509597.0
2025-10-09,131.29,132.99,115.02,115.02,48453353.0
2025-10-10,115.59,117.74,109.03,109.1,36304300.0
2025-10-13,104.0,111.85,103.48,107.8,29553630.0
2025-10-14,112.13,113.98,101.35,101.76,31219027.0
2025-10-15,101.76,105.0,99.89,103.83,24626236.0
2025-10-16,102.65,107.6,102.65,104.81,24463875.0
2025-10-17,104.0,104.54,98.25,98.41,24885919.0
2025-10-20,102.0,108.25,101.92,108.25,20885788.0
2025-10-21,110.0,114.43,108.35,112.48,48618070.0
2025-10-22,109.5,114.39,108.54,111.9,31145286.0
2025-10-23,110.51,110.99,104.94,108.59,25076839.0
2025-10-24,110.65,116.52,107.33,115.63,33673962.0
2025-10-27,120.85,123.88,115.57,119.0,52063384.0
2025-10-28,118.9,128.65,117.7,119.28,45493248.0
2025-10-29,119.1,121.67,111.55,116.98,39081362.0
2025-10-30,114.0,116.88,110.3,111.0,32813740.0
2025-10-31,109.9,110.55,103.04,103.04,32553595.0
2025-11-03,102.45,105.25,101.5,103.57,22720960.0
2025-11-04,103.75,104.85,101.05,102.19,16883348.0
2025-11-05,98.0,100.83,97.91,100.1,16971310.0
2025-11-06,100.11,105.45,100.11,104.3,23092464.0
2025-11-07,102.0,104.26,101.13,101.7,18611426.0
2025-11-10,111.47,111.87,107.52,110.51,54282568.0
2025-11-11,112.78,112.87,103.5,105.14,42754852.0
2025-11-12,101.0,103.8,99.5,102.69,27876553.0
2025-11-13,102.0,109.79,101.5,107.06,31805951.0
2025-11-14,104.06,111.55,100.2,108.41,39737705.0
2025-11-17,108.0,110.0,105.11,107.0,25694157.0
2025-11-18,105.22,117.7,104.88,113.7,51327071.0
2025-11-19,112.76,116.47,111.0,112.7,33341687.0
2025-11-20,117.6,118.33,107.7,108.89,32540540.0
2025-11-21,102.0,103.89,98.0,98.0,34174995.0
2025-11-24,99.0,99.5,92.01,94.31,26432019.0
2025-11-25,95.8,100.63,95.68,97.79,25086632.0
2025-11-26,95.5,107.57,94.22,103.95,43283756.0
2025-11-27,103.0,114.35,103.0,110.14,58945938.0
2025-11-28,109.01,112.52,108.08,109.62,31106123.0
2025-12-01,109.48,110.5,104.0,108.73,22470887.0
2025-12-02,109.21,109.98,106.3,106.88,17302128.0
2025-12-03,106.25,112.79,106.25,108.58,30978270.0
2025-12-04,106.1,109.25,103.5,107.66,21298849.0
2025-12-05,108.99,113.3,106.0,110.27,30925176.0
2025-12-08,112.0,119.33,110.9,118.0,36229824.0
2025-12-09,120.0,123.7,118.28,120.16,40300847.0
2025-12-10,119.83,120.72,113.7,117.9,33438871.0
2025-12-11,117.0,120.8,114.74,114.74,29958361.0
2025-12-12,113.8,124.75,113.68,119.4,41588058.0
2025-12-15,115.01,116.81,111.52,111.88,29613228.0
2025-12-16,109.83,112.63,105.33,106.6,22575106.0
2025-12-17,107.0,113.83,106.97,113.0,29161331.0
2025-12-18,110.5,117.63,110.5,112.51,26651808.0
2025-12-19,114.3,115.97,110.32,111.03,23132489.0
2025-12-22,113.0,118.49,112.6,117.58,30644302.0
2025-12-23,117.6,123.9,117.6,120.27,29046018.0
2025-12-24,120.52,132.3,120.52,129.11,42003440.0
2025-12-25,127.5,131.5,123.46,125.8,30115738.0
2025-12-26,123.97,128.0,121.6,126.77,23265692.0
2025-12-29,127.61,138.8,127.03,134.8,38525163.0
2025-12-30,133.33,144.7,133.01,138.11,33459663.0
2025-12-31,135.12,137.55,130.95,134.38,30444303.0
2026-01-05,134.0,134.47,128.01,130.03,28279706.0
2026-01-06,127.5,128.73,122.58,124.36,29888820.0
2026-01-07,126.0,127.65,124.49,126.0,24418227.0
2026-01-08,124.77,126.66,123.0,123.86,18169237.0
2026-01-09,120.2,124.51,118.6,123.68,21191040.0
2026-01-12,122.5,123.67,119.83,121.92,24079297.0
2026-01-13,121.0,123.46,117.0,117.4,24656305.0
2026-01-14,118.49,121.57,115.99,119.25,26416335.0
2026-01-15,117.2,126.0,117.17,125.84,29229147.0
2026-01-16,128.43,131.2,127.04,129.8,31093646.0
2026-01-19,116.82,119.88,116.82,116.82,29315383.0
2026-01-20,114.97,115.98,105.51,107.3,33573125.0
2026-01-21,107.0,114.49,106.82,112.93,24132958.0
2026-01-22,112.8,114.29,111.28,112.84,16573541.0
2026-01-23,112.01,112.79,108.15,109.38,22217591.0
2026-01-26,109.3,111.6,109.2,110.95,17081566.0
2026-01-27,110.05,114.0,107.69,112.4,20430696.0
2026-01-28,112.43,114.15,111.56,112.2,15883935.0
2026-01-29,112.38,114.79,109.9,110.31,19587404.0
2026-01-30,108.69,114.99,108.6,113.69,21839844.0
2026-02-02,114.31,115.77,106.66,107.01,22345060.0
2026-02-03,109.5,112.82,107.76,112.54,24386780.0
2026-02-04,110.54,110.96,103.0,107.13,24577825.0
2026-02-05,104.44,106.1,102.0,102.5,18769636.0
2026-02-06,100.3,102.76,98.84,100.88,15885029.0
2026-02-09,105.0,106.58,102.1,105.11,18738006.0
2026-02-10,105.62,108.75,104.5,104.59,14527376.0
2026-02-11,104.01,106.5,101.0,101.47,14016874.0
2026-02-12,102.0,105.96,101.81,103.6,17692804.0
2026-02-13,101.85,103.86,101.5,101.65,10971013.0
2026-02-24,104.01,106.88,103.45,105.01,18327874.0
2026-02-25,105.04,107.21,103.98,105.98,14634145.0
2026-02-26,106.53,108.98,104.7,108.33,23271892.0
2026-02-27,105.5,105.5,103.05,103.4,21017698.0
2026-03-02,100.01,113.74,99.86,113.74,47584201.0
2026-03-03,115.0,116.48,110.1,110.41,38661575.0
2026-03-04,107.26,112.88,106.68,109.19,20968594.0
2026-03-05,111.64,117.82,109.33,113.18,31566231.0
2026-03-06,111.86,117.48,108.57,114.78,34176522.0
2026-03-09,110.08,112.0,103.5,111.27,30945598.0
2026-03-10,113.71,121.99,113.51,120.1,41860552.0
2026-03-11,120.0,128.25,118.88,126.26,46457057.0
2026-03-12,123.8,131.68,121.44,122.6,36118848.0
2026-03-13,119.84,124.33,117.44,117.71,24943697.0
2026-03-16,116.2,119.3,114.3,118.88,21470935.0
2026-03-17,119.98,119.98,109.0,109.09,25857425.0
2026-03-18,110.99,114.29,107.93,112.53,19116095.0
2026-03-19,108.05,118.0,107.88,115.67,29238383.0
2026-03-20,118.0,122.8,114.46,115.33,35071873.0
2026-03-23,110.0,111.76,103.8,103.84,31992646.0
2026-03-24,106.6,106.96,102.7,105.85,19890310.0
2026-03-25,108.88,110.8,106.97,109.94,26512610.0
2026-03-26,108.36,109.9,104.68,105.43,19144666.0
2026-03-27,102.08,106.36,100.44,104.53,16956144.0
2026-03-30,102.5,106.92,102.14,105.29,13050851.0
2026-03-31,105.0,105.53,101.0,101.6,18602428.0
2026-04-01,104.6,105.5,102.82,105.24,19626182.0
2026-04-02,104.05,107.56,101.6,102.23,19596731.0
2026-04-03,103.59,105.35,102.19,102.99,20123315.0
2026-04-07,103.09,104.0,100.15,101.41,19170476.0
2026-04-08,105.0,111.55,104.99,111.55,37941413.0
2026-04-09,112.93,117.04,112.93,115.55,43028134.0
2026-04-10,116.81,117.88,114.32,116.24,28746359.0
2026-04-13,111.99,119.98,111.55,118.58,37514726.0
2026-04-14,118.8,124.28,117.2,120.62,36111685.0
2026-04-15,125.51,132.68,124.02,125.8,65347670.0
2026-04-16,125.18,132.65,122.5,132.08,44528219.0
2026-04-17,139.0,145.29,139.0,145.29,23555444.0
2026-04-20,159.67,159.78,150.05,152.3,62969086.0
2026-04-21,150.83,162.57,149.47,161.17,46678023.0
2026-04-22,158.2,176.86,156.0,172.18,59404402.0
2026-04-23,170.0,172.9,161.12,164.33,48059154.0
2026-04-24,160.0,164.26,152.01,153.64,39688047.0
2026-04-27,155.64,160.36,152.72,153.59,25068463.0
2026-04-28,160.0,162.87,154.0,155.19,40992669.0
2026-04-29,154.5,170.71,154.5,170.71,29776175.0
2026-04-30,179.0,187.5,174.78,174.97,38589985.0
2026-05-06,185.8,185.9,176.35,179.22,33073889.0
2026-05-07,182.08,184.95,171.0,184.07,31419329.0
2026-05-08,179.0,194.5,179.0,189.84,29054094.0
2026-05-11,188.98,203.66,187.5,197.8,33649549.0
2026-05-12,203.03,209.66,185.52,189.42,38619922.0
2026-05-13,186.66,193.22,186.36,191.64,25142428.0
2026-05-14,205.0,208.0,184.5,191.87,33606752.0
2026-05-15,193.2,199.52,186.0,188.12,30089643.0
2026-05-18,188.56,190.8,182.0,184.3,23538050.0
2026-05-19,184.02,202.42,173.83,202.42,35557695.0
2026-05-20,196.9,198.99,190.27,193.88,33853714.0
2026-05-21,194.39,195.87,178.1,179.19,29548200.0
2026-05-22,181.35,191.99,179.56,190.0,24283643.0
2026-05-25,192.0,209.0,183.3,209.0,33397149.0
2026-05-26,213.0,219.49,202.0,204.94,31443990.0
2026-05-27,203.6,206.6,185.0,188.5,35539763.0
2026-05-28,188.5,206.0,186.65,203.04,32146008.0
2026-05-29,201.96,219.0,199.2,207.7,38350532.0
2026-06-01,199.21,203.0,186.93,187.0,37789023.0
2026-06-02,187.33,194.99,183.0,189.85,32255400.0
2026-06-03,192.91,208.84,190.2,202.6,46807277.0
2026-06-04,194.0,211.1,194.0,204.17,32113620.0
2026-06-05,206.85,214.3,190.0,192.02,34001681.0
2026-06-08,179.0,187.88,173.1,174.76,28956969.0
2026-06-09,179.5,182.82,175.6,180.97,22707025.0
2026-06-10,176.5,179.64,171.13,175.99,15792556.0
2026-06-11,175.53,178.5,166.25,171.08,22031805.0
2026-06-12,177.0,188.19,176.8,182.99,38267546.0
2026-06-15,188.18,201.29,184.0,201.29,27136679.0
2026-06-16,208.0,208.0,196.55,198.07,28119917.0
2026-06-17,198.0,203.89,196.29,203.29,25567329.0
2026-06-18,200.0,217.54,199.79,214.54,27640580.0
2026-06-22,225.3,235.99,216.02,235.99,35873065.0
2026-06-23,240.0,249.58,227.37,238.37,36499508.0
2026-06-24,237.0,262.21,236.83,262.21,30726430.0
2026-06-25,260.0,263.3,253.03,260.4,32378771.0
2026-06-26,258.0,259.88,242.5,245.92,23931683.0
2026-06-29,247.4,258.48,235.94,247.78,25090516.0
2026-06-30,255.0,256.36,238.8,254.87,23425863.0
2026-07-01,253.0,257.5,240.01,242.7,20560273.0
2026-07-02,218.43,226.99,218.43,218.43,23781154.0
2026-07-03,207.51,219.24,207.0,209.37,21966512.0
2026-07-06,214.2,214.98,193.0,196.56,21053203.0
2026-07-07,196.0,202.0,191.0,197.2,18570867.0
2026-07-08,197.34,200.97,188.33,189.99,18252832.0
2026-07-09,193.99,202.66,179.59,202.0,32463280.0
2026-07-10,218.88,222.2,198.99,199.09,34498264.0
2026-07-13,194.5,205.0,183.45,185.32,23571923.0
2026-07-14,188.98,201.0,182.01,200.23,26511831.0
2026-07-15,202.0,216.9,202.0,208.1,33115613.0
2026-07-16,201.98,213.0,193.91,195.7,21010058.0
2026-07-17,193.43,195.58,176.13,176.13,20765483.0
2026-07-20,176.0,176.76,158.52,158.52,22638875.0
2026-07-21,154.5,174.0,142.67,171.05,36900969.0
2026-07-22,168.47,180.52,165.57,167.06,28967929.0
2026-07-23,172.0,180.0,165.01,169.03,24298837.0
