date,nav,acc_nav,change_pct
2015-08-06,1.0000,1.0000,
2015-08-07,1.0000,1.0000,0.00
2015-08-10,1.0000,1.0000,0.00
2015-08-14,1.0000,1.0000,
2015-08-17,1.0000,1.0000,0.00
2015-08-18,1.0030,1.0030,0.30
2015-08-19,1.0030,1.0030,0.00
2015-08-20,1.0020,1.0020,-0.10
2015-08-21,1.0070,1.0070,0.50
2015-08-24,0.9920,0.9920,-1.49
2015-08-25,0.9750,0.9750,-1.71
2015-08-26,0.9650,0.9650,-1.03
2015-08-27,0.9370,0.9370,-2.90
2015-08-28,0.9530,0.9530,1.71
2015-08-31,0.9580,0.9580,0.52
2015-09-01,0.9560,0.9560,-0.21
2015-09-02,0.9570,0.9570,0.10
2015-09-07,0.9550,0.9550,-0.21
2015-09-08,0.9500,0.9500,-0.52
2015-09-09,0.9640,0.9640,1.47
2015-09-10,0.9530,0.9530,-1.14
2015-09-11,0.9570,0.9570,0.42
2015-09-14,0.9470,0.9470,-1.04
2015-09-15,0.9460,0.9460,-0.11
2015-09-16,0.9450,0.9450,-0.11
2015-09-17,0.9640,0.9640,2.01
2015-09-18,0.9730,0.9730,0.93
2015-09-21,0.9790,0.9790,0.62
2015-09-22,0.9780,0.9780,-0.10
2015-09-23,0.9630,0.9630,-1.53
2015-09-24,0.9660,0.9660,0.31
2015-09-25,0.9730,0.9730,0.72
2015-09-28,0.9680,0.9680,-0.51
2015-09-29,0.9490,0.9490,-1.96
2015-09-30,0.9480,0.9480,-0.11
2015-10-08,0.9990,0.9990,5.38
2015-10-09,0.9910,0.9910,-0.80
2015-10-12,0.9950,0.9950,0.40
2015-10-13,0.9930,0.9930,-0.20
2015-10-14,0.9960,0.9960,0.30
2015-10-15,1.0010,1.0010,0.50
2015-10-16,0.9940,0.9940,-0.70
2015-10-19,0.9890,0.9890,-0.50
2015-10-20,0.9830,0.9830,-0.61
2015-10-21,0.9840,0.9840,0.10
2015-10-22,0.9790,0.9790,-0.51
2015-10-23,0.9850,0.9850,0.61
2015-10-26,0.9840,0.9840,-0.10
2015-10-27,0.9850,0.9850,0.10
2015-10-28,0.9870,0.9870,0.20
2015-10-29,0.9960,0.9960,0.91
2015-10-30,0.9760,0.9760,-2.01
2015-11-02,0.9710,0.9710,-0.51
2015-11-03,0.9680,0.9680,-0.31
2015-11-04,0.9640,0.9640,-0.41
2015-11-05,0.9580,0.9580,-0.62
2015-11-06,0.9500,0.9500,-0.84
2015-11-09,0.9440,0.9440,-0.63
2015-11-10,0.9360,0.9360,-0.85
2015-11-11,0.9320,0.9320,-0.43
2015-11-12,0.9320,0.9320,0.00
2015-11-13,0.9320,0.9320,0.00
2015-11-16,0.9360,0.9360,0.43
2015-11-17,0.9300,0.9300,-0.64
2015-11-18,0.9240,0.9240,-0.65
2015-11-19,0.9230,0.9230,-0.11
2015-11-20,0.9260,0.9260,0.33
2015-11-23,0.9130,0.9130,-1.40
2015-11-24,0.9050,0.9050,-0.88
2015-11-25,0.9130,0.9130,0.88
2015-11-26,0.9130,0.9130,0.00
2015-11-27,0.9140,0.9140,0.11
2015-11-30,0.9030,0.9030,-1.20
2015-12-01,0.9080,0.9080,0.55
2015-12-02,0.9110,0.9110,0.33
2015-12-03,0.9020,0.9020,-0.99
2015-12-04,0.9100,0.9100,0.89
2015-12-07,0.9250,0.9250,1.65
2015-12-08,0.9260,0.9260,0.11
2015-12-09,0.9190,0.9190,-0.76
2015-12-10,0.9240,0.9240,0.54
2015-12-11,0.9180,0.9180,-0.65
2015-12-14,0.9170,0.9170,-0.11
2015-12-15,0.9140,0.9140,-0.33
2015-12-16,0.9130,0.9130,-0.11
2015-12-17,0.9220,0.9220,0.99
2015-12-18,0.9130,0.9130,-0.98
2015-12-21,0.9220,0.9220,0.99
2015-12-22,0.9300,0.9300,0.87
2015-12-23,0.9310,0.9310,0.11
2015-12-24,0.9300,0.9300,-0.11
2015-12-25,0.9330,0.9330,0.32
2015-12-28,0.9310,0.9310,-0.21
2015-12-29,0.9250,0.9250,-0.64
2015-12-30,0.9290,0.9290,0.43
2015-12-31,0.9240,0.9240,-0.54
2016-01-04,0.9240,0.9240,0.00
2016-01-05,0.9290,0.9290,0.54
2016-01-06,0.9270,0.9270,-0.22
2016-01-07,0.9370,0.9370,1.08
2016-01-08,0.9440,0.9440,0.75
2016-01-11,0.9380,0.9380,-0.64
2016-01-12,0.9290,0.9290,-0.96
2016-01-13,0.9160,0.9160,-1.40
2016-01-14,0.9250,0.9250,0.98
2016-01-15,0.9220,0.9220,-0.32
2016-01-18,0.9260,0.9260,0.43
2016-01-19,0.9250,0.9250,-0.11
2016-01-20,0.9290,0.9290,0.43
2016-01-21,0.9310,0.9310,0.22
2016-01-22,0.9270,0.9270,-0.43
2016-01-25,0.9320,0.9320,0.54
2016-01-26,0.9350,0.9350,0.32
2016-01-27,0.9390,0.9390,0.43
2016-01-28,0.9390,0.9390,0.00
2016-01-29,0.9320,0.9320,-0.75
2016-02-01,0.9310,0.9310,-0.11
2016-02-02,0.9330,0.9330,0.21
2016-02-03,0.9320,0.9320,-0.11
2016-02-04,0.9400,0.9400,0.86
2016-02-05,0.9490,0.9490,0.96
2016-02-15,0.9670,0.9670,1.90
2016-02-16,0.9640,0.9640,-0.31
2016-02-17,0.9650,0.9650,0.10
2016-02-18,0.9650,0.9650,0.00
2016-02-19,0.9670,0.9670,0.21
2016-02-22,0.9660,0.9660,-0.10
2016-02-23,0.9590,0.9590,-0.72
2016-02-24,0.9600,0.9600,0.10
2016-02-25,0.9620,0.9620,0.21
2016-02-26,0.9500,0.9500,-1.25
2016-02-29,0.9320,0.9320,-1.89
2016-03-01,0.9290,0.9290,-0.32
2016-03-02,0.9280,0.9280,-0.11
2016-03-03,0.9320,0.9320,0.43
2016-03-04,0.9420,0.9420,1.07
2016-03-07,0.9590,0.9590,1.80
2016-03-08,0.9660,0.9660,0.73
2016-03-09,0.9460,0.9460,-2.07
2016-03-10,0.9410,0.9410,-0.53
2016-03-11,0.9500,0.9500,0.96
2016-03-14,0.9500,0.9500,0.00
2016-03-15,0.9480,0.9480,-0.21
2016-03-16,0.9400,0.9400,-0.84
2016-03-17,0.9460,0.9460,0.64
2016-03-18,0.9640,0.9640,1.90
2016-03-21,0.9580,0.9580,-0.62
2016-03-22,0.9630,0.9630,0.52
2016-03-23,0.9620,0.9620,-0.10
2016-03-24,0.9440,0.9440,-1.87
2016-03-25,0.9430,0.9430,-0.11
2016-03-28,0.9420,0.9420,-0.11
2016-03-29,0.9410,0.9410,-0.11
2016-03-30,0.9430,0.9430,0.21
2016-03-31,0.9420,0.9420,-0.11
2016-04-01,0.9450,0.9450,0.32
2016-04-05,0.9310,0.9310,-1.48
2016-04-06,0.9340,0.9340,0.32
2016-04-07,0.9330,0.9330,-0.11
2016-04-08,0.9370,0.9370,0.43
2016-04-11,0.9410,0.9410,0.43
2016-04-12,0.9530,0.9530,1.28
2016-04-13,0.9610,0.9610,0.84
2016-04-14,0.9630,0.9630,0.21
2016-04-15,0.9610,0.9610,-0.21
2016-04-18,0.9640,0.9640,0.31
2016-04-19,0.9740,0.9740,1.04
2016-04-20,1.0030,1.0030,2.98
2016-04-21,1.0200,1.0200,1.69
2016-04-22,1.0160,1.0160,-0.39
2016-04-25,1.0060,1.0060,-0.98
2016-04-26,1.0030,1.0030,-0.30
2016-04-27,1.0140,1.0140,1.10
2016-04-28,1.0180,1.0180,0.39
2016-04-29,1.0380,1.0380,1.96
2016-05-03,1.0390,1.0390,0.10
2016-05-04,1.0290,1.0290,-0.96
2016-05-05,1.0230,1.0230,-0.58
2016-05-06,1.0190,1.0190,-0.39
2016-05-09,1.0190,1.0190,0.00
2016-05-10,0.9920,0.9920,-2.65
2016-05-11,1.0000,1.0000,0.81
2016-05-12,1.0130,1.0130,1.30
2016-05-13,1.0020,1.0020,-1.09
2016-05-16,1.0030,1.0030,0.10
2016-05-17,1.0080,1.0080,0.50
2016-05-18,1.0080,1.0080,0.00
2016-05-19,0.9940,0.9940,-1.39
2016-05-20,0.9670,0.9670,-2.72
2016-05-23,0.9670,0.9670,0.00
2016-05-24,0.9590,0.9590,-0.83
2016-05-25,0.9570,0.9570,-0.21
2016-05-26,0.9600,0.9600,0.31
2016-05-27,0.9590,0.9590,-0.10
2016-05-30,0.9460,0.9460,-1.36
2016-05-31,0.9440,0.9440,-0.21
2016-06-01,0.9450,0.9450,0.11
2016-06-02,0.9450,0.9450,0.00
2016-06-03,0.9460,0.9460,0.11
2016-06-06,0.9650,0.9650,2.01
2016-06-07,0.9680,0.9680,0.31
2016-06-08,0.9720,0.9720,0.41
2016-06-13,1.0020,1.0020,3.09
2016-06-14,1.0080,1.0080,0.60
2016-06-15,1.0100,1.0100,0.20
2016-06-16,1.0210,1.0210,1.09
2016-06-17,1.0140,1.0140,-0.69
2016-06-20,1.0040,1.0040,-0.99
2016-06-21,1.0080,1.0080,0.40
2016-06-22,0.9960,0.9960,-1.19
2016-06-23,0.9970,0.9970,0.10
2016-06-24,1.0110,1.0110,1.40
2016-06-27,1.0230,1.0230,1.19
2016-06-28,1.0190,1.0190,-0.39
2016-06-29,1.0390,1.0390,1.96
2016-06-30,1.0530,1.0530,1.35
2016-07-01,1.0820,1.0820,2.75
2016-07-04,1.1140,1.1140,2.96
2016-07-05,1.1500,1.1500,3.23
2016-07-06,1.1480,1.1480,-0.17
2016-07-07,1.1520,1.1520,0.35
2016-07-08,1.1280,1.1280,-2.08
2016-07-11,1.1640,1.1640,3.19
2016-07-12,1.1720,1.1720,0.69
2016-07-13,1.1650,1.1650,-0.60
2016-07-14,1.1690,1.1690,0.34
2016-07-15,1.1590,1.1590,-0.86
2016-07-18,1.1500,1.1500,-0.78
2016-07-19,1.1400,1.1400,-0.87
2016-07-20,1.1380,1.1380,-0.18
2016-07-21,1.1100,1.1100,-2.46
2016-07-22,1.1230,1.1230,1.17
2016-07-25,1.1170,1.1170,-0.53
2016-07-26,1.1190,1.1190,0.18
2016-07-27,1.1220,1.1220,0.27
2016-07-28,1.1470,1.1470,2.23
2016-07-29,1.1520,1.1520,0.44
2016-08-01,1.1580,1.1580,0.52
2016-08-02,1.1630,1.1630,0.43
2016-08-03,1.1740,1.1740,0.95
2016-08-04,1.1560,1.1560,-1.53
2016-08-05,1.1530,1.1530,-0.26
2016-08-08,1.1210,1.1210,-2.78
2016-08-09,1.1180,1.1180,-0.27
2016-08-10,1.1300,1.1300,1.07
2016-08-11,1.1350,1.1350,0.44
2016-08-12,1.1350,1.1350,0.00
2016-08-15,1.1220,1.1220,-1.15
2016-08-16,1.1210,1.1210,-0.09
2016-08-17,1.1180,1.1180,-0.27
2016-08-18,1.1160,1.1160,-0.18
2016-08-19,1.1160,1.1160,0.00
2016-08-22,1.0870,1.0870,-2.60
2016-08-23,1.0760,1.0760,-1.01
2016-08-24,1.0750,1.0750,-0.09
2016-08-25,1.0570,1.0570,-1.67
2016-08-26,1.0560,1.0560,-0.09
2016-08-29,1.0630,1.0630,0.66
2016-08-30,1.0620,1.0620,-0.09
2016-08-31,1.0620,1.0620,0.00
2016-09-01,1.0630,1.0630,0.09
2016-09-02,1.0710,1.0710,0.75
2016-09-05,1.0940,1.0940,2.15
2016-09-06,1.1020,1.1020,0.73
2016-09-07,1.1210,1.1210,1.72
2016-09-08,1.1200,1.1200,-0.09
2016-09-09,1.1120,1.1120,-0.71
2016-09-12,1.0830,1.0830,-2.61
2016-09-13,1.0780,1.0780,-0.46
2016-09-14,1.0730,1.0730,-0.46
2016-09-19,1.0780,1.0780,0.47
2016-09-20,1.0860,1.0860,0.74
2016-09-21,1.0870,1.0870,0.09
2016-09-22,1.1020,1.1020,1.38
2016-09-23,1.1060,1.1060,0.36
2016-09-26,1.0900,1.0900,-1.45
2016-09-27,1.0830,1.0830,-0.64
2016-09-28,1.0680,1.0680,-1.39
2016-09-29,1.0670,1.0670,-0.09
2016-09-30,1.0670,1.0670,0.00
2016-10-10,0.9940,0.9940,-6.84
2016-10-11,0.9960,0.9960,0.20
2016-10-12,0.9940,0.9940,-0.20
2016-10-13,0.9950,0.9950,0.10
2016-10-14,0.9940,0.9940,-0.10
2016-10-17,0.9940,0.9940,0.00
2016-10-18,1.0010,1.0010,0.70
2016-10-19,1.0040,1.0040,0.30
2016-10-20,1.0090,1.0090,0.50
2016-10-21,1.0000,1.0000,-0.89
2016-10-24,1.0010,1.0010,0.10
2016-10-25,1.0100,1.0100,0.90
2016-10-26,1.0150,1.0150,0.50
2016-10-27,1.0120,1.0120,-0.30
2016-10-28,1.0130,1.0130,0.10
2016-10-31,1.0180,1.0180,0.49
2016-11-01,1.0210,1.0210,0.29
2016-11-02,1.0400,1.0400,1.86
2016-11-03,1.0480,1.0480,0.77
2016-11-04,1.0280,1.0280,-1.91
2016-11-07,1.0270,1.0270,-0.10
2016-11-08,1.0260,1.0260,-0.10
2016-11-09,1.0490,1.0490,2.24
2016-11-10,1.0580,1.0580,0.86
2016-11-11,1.0670,1.0670,0.85
2016-11-14,1.0360,1.0360,-2.91
2016-11-15,0.9820,0.9820,-5.21
2016-11-16,0.9870,0.9870,0.51
2016-11-17,0.9870,0.9870,0.00
2016-11-18,0.9800,0.9800,-0.71
2016-11-21,0.9770,0.9770,-0.31
2016-11-22,0.9860,0.9860,0.92
2016-11-23,0.9880,0.9880,0.20
2016-11-24,0.9800,0.9800,-0.81
2016-11-25,0.9810,0.9810,0.10
2016-11-28,0.9950,0.9950,1.43
2016-11-29,0.9970,0.9970,0.20
2016-11-30,0.9880,0.9880,-0.90
2016-12-01,0.9840,0.9840,-0.40
2016-12-02,0.9830,0.9830,-0.10
2016-12-05,0.9900,0.9900,0.71
2016-12-06,0.9920,0.9920,0.20
2016-12-07,0.9920,0.9920,0.00
2016-12-08,1.0080,1.0080,1.61
2016-12-09,1.0070,1.0070,-0.10
2016-12-12,1.0070,1.0070,0.00
2016-12-13,1.0140,1.0140,0.70
2016-12-14,1.0120,1.0120,-0.20
2016-12-15,1.0090,1.0090,-0.30
2016-12-16,0.9750,0.9750,-3.37
2016-12-19,0.9750,0.9750,0.00
2016-12-20,0.9640,0.9640,-1.13
2016-12-21,0.9450,0.9450,-1.97
2016-12-22,0.9490,0.9490,0.42
2016-12-23,0.9490,0.9490,0.00
2016-12-26,0.9450,0.9450,-0.42
2016-12-27,0.9510,0.9510,0.63
2016-12-28,0.9570,0.9570,0.63
2016-12-29,0.9630,0.9630,0.63
2016-12-30,0.9710,0.9710,0.83
2016-12-31,0.9710,0.9710,0.00
2017-01-03,0.9680,0.9680,-0.31
2017-01-04,0.9740,0.9740,0.62
2017-01-05,0.9770,0.9770,0.31
2017-01-06,0.9760,0.9760,-0.10
2017-01-09,0.9710,0.9710,-0.51
2017-01-10,0.9770,0.9770,0.62
2017-01-11,0.9840,0.9840,0.72
2017-01-12,0.9790,0.9790,-0.51
2017-01-13,0.9780,0.9780,-0.10
2017-01-16,0.9760,0.9760,-0.20
2017-01-17,0.9800,0.9800,0.41
2017-01-18,0.9840,0.9840,0.41
2017-01-19,0.9770,0.9770,-0.71
2017-01-20,0.9710,0.9710,-0.61
2017-01-23,0.9740,0.9740,0.31
2017-01-24,0.9760,0.9760,0.21
2017-01-25,0.9700,0.9700,-0.61
2017-01-26,0.9560,0.9560,-1.44
2017-02-03,0.9720,0.9720,1.67
2017-02-06,0.9760,0.9760,0.41
2017-02-07,0.9830,0.9830,0.72
2017-02-08,0.9850,0.9850,0.20
2017-02-09,0.9890,0.9890,0.41
2017-02-10,0.9840,0.9840,-0.51
2017-02-13,0.9950,0.9950,1.12
2017-02-14,0.9980,0.9980,0.30
2017-02-15,0.9990,0.9990,0.10
2017-02-16,0.9990,0.9990,0.00
2017-02-17,1.0010,1.0010,0.20
2017-02-20,0.9970,0.9970,-0.40
2017-02-21,1.0000,1.0000,0.30
2017-02-22,0.9990,0.9990,-0.10
2017-02-23,1.0010,1.0010,0.20
2017-02-24,1.0070,1.0070,0.60
2017-02-27,1.0200,1.0200,1.29
2017-02-28,1.0200,1.0200,0.00
2017-03-01,1.0160,1.0160,-0.39
2017-03-02,1.0140,1.0140,-0.20
2017-03-03,0.9930,0.9930,-2.07
2017-03-06,0.9850,0.9850,-0.81
2017-03-07,0.9850,0.9850,0.00
2017-03-08,0.9770,0.9770,-0.81
2017-03-09,0.9660,0.9660,-1.13
2017-03-10,0.9590,0.9590,-0.72
2017-03-13,0.9580,0.9580,-0.10
2017-03-14,0.9580,0.9580,0.00
2017-03-15,0.9570,0.9570,-0.10
2017-03-16,0.9700,0.9700,1.36
2017-03-17,0.9760,0.9760,0.62
2017-03-20,0.9790,0.9790,0.31
2017-03-21,0.9770,0.9770,-0.20
2017-03-22,0.9830,0.9830,0.61
2017-03-23,0.9820,0.9820,-0.10
2017-03-24,0.9820,0.9820,0.00
2017-03-27,0.9890,0.9890,0.71
2017-03-28,0.9950,0.9950,0.61
2017-03-29,0.9950,0.9950,0.00
2017-03-30,0.9930,0.9930,-0.20
2017-03-31,0.9910,0.9910,-0.20
2017-04-05,0.9950,0.9950,0.40
2017-04-06,0.9940,0.9940,-0.10
2017-04-07,1.0040,1.0040,1.01
2017-04-10,0.9930,0.9930,-1.10
2017-04-11,0.9800,0.9800,-1.31
2017-04-12,0.9940,0.9940,1.43
2017-04-13,1.0020,1.0020,0.80
2017-04-14,1.0040,1.0040,0.20
2017-04-17,1.0120,1.0120,0.80
2017-04-18,1.0030,1.0030,-0.89
2017-04-19,0.9930,0.9930,-1.00
2017-04-20,0.9900,0.9900,-0.30
2017-04-21,0.9850,0.9850,-0.51
2017-04-24,0.9790,0.9790,-0.61
2017-04-25,0.9780,0.9780,-0.10
2017-04-26,0.9740,0.9740,-0.41
2017-04-27,0.9700,0.9700,-0.41
2017-04-28,0.9700,0.9700,0.00
2017-05-02,0.9520,0.9520,-1.86
2017-05-03,0.9510,0.9510,-0.11
2017-05-04,0.9370,0.9370,-1.47
2017-05-05,0.9230,0.9230,-1.49
2017-05-08,0.9270,0.9270,0.43
2017-05-09,0.9250,0.9250,-0.22
2017-05-10,0.9180,0.9180,-0.76
2017-05-11,0.9240,0.9240,0.65
2017-05-12,0.9280,0.9280,0.43
2017-05-15,0.9340,0.9340,0.65
2017-05-16,0.9420,0.9420,0.86
2017-05-17,0.9430,0.9430,0.11
2017-05-18,0.9460,0.9460,0.32
2017-05-19,0.9360,0.9360,-1.06
2017-05-22,0.9400,0.9400,0.43
2017-05-23,0.9470,0.9470,0.74
2017-05-24,0.9440,0.9440,-0.32
2017-05-25,0.9430,0.9430,-0.11
2017-05-26,0.9420,0.9420,-0.11
2017-05-31,0.9410,0.9410,-0.11
2017-06-01,0.9380,0.9380,-0.32
2017-06-02,0.9320,0.9320,-0.64
2017-06-05,0.9430,0.9430,1.18
2017-06-06,0.9510,0.9510,0.85
2017-06-07,0.9550,0.9550,0.42
2017-06-08,0.9530,0.9530,-0.21
2017-06-09,0.9450,0.9450,-0.84
2017-06-12,0.9330,0.9330,-1.27
2017-06-13,0.9260,0.9260,-0.75
2017-06-14,0.9250,0.9250,-0.11
2017-06-15,0.9350,0.9350,1.08
2017-06-16,0.9220,0.9220,-1.39
2017-06-19,0.9210,0.9210,-0.11
2017-06-20,0.9200,0.9200,-0.11
2017-06-21,0.9160,0.9160,-0.43
2017-06-22,0.9220,0.9220,0.66
2017-06-23,0.9250,0.9250,0.33
2017-06-26,0.9270,0.9270,0.22
2017-06-27,0.9200,0.9200,-0.76
2017-06-28,0.9260,0.9260,0.65
2017-06-29,0.9280,0.9280,0.22
2017-06-30,0.9200,0.9200,-0.86
2017-07-03,0.9180,0.9180,-0.22
2017-07-04,0.8980,0.8980,-2.18
2017-07-05,0.8920,0.8920,-0.67
2017-07-06,0.8880,0.8880,-0.45
2017-07-07,0.8860,0.8860,-0.23
2017-07-10,0.8610,0.8610,-2.82
2017-07-11,0.8540,0.8540,-0.81
2017-07-12,0.8660,0.8660,1.41
2017-07-13,0.8740,0.8740,0.92
2017-07-14,0.8640,0.8640,-1.14
2017-07-17,0.8790,0.8790,1.74
2017-07-18,0.8840,0.8840,0.57
2017-07-19,0.8830,0.8830,-0.11
2017-07-20,0.8830,0.8830,0.00
2017-07-21,0.8870,0.8870,0.45
2017-07-24,0.8900,0.8900,0.34
2017-07-25,0.8900,0.8900,0.00
2017-07-26,0.8870,0.8870,-0.34
2017-07-27,0.8930,0.8930,0.68
2017-07-28,0.8950,0.8950,0.22
2017-07-31,0.8970,0.8970,0.22
2017-08-01,0.9000,0.9000,0.33
2017-08-02,0.8980,0.8980,-0.22
2017-08-03,0.8940,0.8940,-0.45
2017-08-04,0.8940,0.8940,0.00
2017-08-07,0.8810,0.8810,-1.45
2017-08-08,0.8740,0.8740,-0.79
2017-08-09,0.8800,0.8800,0.69
2017-08-10,0.8980,0.8980,2.05
2017-08-11,0.9090,0.9090,1.22
2017-08-14,0.9080,0.9080,-0.11
2017-08-15,0.9040,0.9040,-0.44
2017-08-16,0.8880,0.8880,-1.77
2017-08-17,0.9020,0.9020,1.58
2017-08-18,0.9050,0.9050,0.33
2017-08-21,0.9060,0.9060,0.11
2017-08-22,0.9030,0.9030,-0.33
2017-08-23,0.9000,0.9000,-0.33
2017-08-24,0.9010,0.9010,0.11
2017-08-25,0.8980,0.8980,-0.33
2017-08-28,0.8990,0.8990,0.11
2017-08-29,0.9070,0.9070,0.89
2017-08-30,0.9090,0.9090,0.22
2017-08-31,0.9030,0.9030,-0.66
2017-09-01,0.9060,0.9060,0.33
2017-09-04,0.9130,0.9130,0.77
2017-09-05,0.9160,0.9160,0.33
2017-09-06,0.9170,0.9170,0.11
2017-09-07,0.9140,0.9140,-0.33
2017-09-08,0.9160,0.9160,0.22
2017-09-11,0.9090,0.9090,-0.76
2017-09-12,0.9040,0.9040,-0.55
2017-09-13,0.9030,0.9030,-0.11
2017-09-14,0.9000,0.9000,-0.33
2017-09-15,0.9010,0.9010,0.11
2017-09-18,0.8980,0.8980,-0.33
2017-09-19,0.8870,0.8870,-1.22
2017-09-20,0.8870,0.8870,0.00
2017-09-21,0.8830,0.8830,-0.45
2017-09-22,0.8730,0.8730,-1.13
2017-09-25,0.8730,0.8730,0.00
2017-09-26,0.8830,0.8830,1.15
2017-09-27,0.8790,0.8790,-0.45
2017-09-28,0.8740,0.8740,-0.57
2017-09-29,0.8750,0.8750,0.11
2017-10-09,0.8830,0.8830,0.91
2017-10-10,0.8810,0.8810,-0.23
2017-10-11,0.8820,0.8820,0.11
2017-10-12,0.8820,0.8820,0.00
2017-10-13,0.8840,0.8840,0.23
2017-10-16,0.8880,0.8880,0.45
2017-10-17,0.8870,0.8870,-0.11
2017-10-18,0.8840,0.8840,-0.34
2017-10-19,0.8810,0.8810,-0.34
2017-10-20,0.8840,0.8840,0.34
2017-10-23,0.8800,0.8800,-0.45
2017-10-24,0.8790,0.8790,-0.11
2017-10-25,0.8770,0.8770,-0.23
2017-10-26,0.8780,0.8780,0.11
2017-10-27,0.8720,0.8720,-0.68
2017-10-30,0.8690,0.8690,-0.34
2017-10-31,0.8700,0.8700,0.12
2017-11-01,0.8670,0.8670,-0.34
2017-11-02,0.8750,0.8750,0.92
2017-11-03,0.8780,0.8780,0.34
2017-11-06,0.8740,0.8740,-0.46
2017-11-07,0.8780,0.8780,0.46
2017-11-08,0.8780,0.8780,0.00
2017-11-09,0.8790,0.8790,0.11
2017-11-10,0.8790,0.8790,0.00
2017-11-13,0.8760,0.8760,-0.34
2017-11-14,0.8760,0.8760,0.00
2017-11-15,0.8760,0.8760,0.00
2017-11-16,0.8770,0.8770,0.11
2017-11-17,0.8770,0.8770,0.00
2017-11-20,0.8800,0.8800,0.34
2017-11-21,0.8770,0.8770,-0.34
2017-11-22,0.8760,0.8760,-0.11
2017-11-23,0.8770,0.8770,0.11
2017-11-24,0.8760,0.8760,-0.11
2017-11-27,0.8750,0.8750,-0.11
2017-11-28,0.8760,0.8760,0.11
2017-11-29,0.8700,0.8700,-0.68
2017-11-30,0.8590,0.8590,-1.26
2017-12-01,0.8470,0.8470,-1.40
2017-12-04,0.8440,0.8440,-0.35
2017-12-05,0.8440,0.8440,0.00
2017-12-06,0.8350,0.8350,-1.07
2017-12-07,0.8280,0.8280,-0.84
2017-12-08,0.8170,0.8170,-1.33
2017-12-11,0.8190,0.8190,0.24
2017-12-12,0.8180,0.8180,-0.12
2017-12-13,0.8160,0.8160,-0.24
2017-12-14,0.8270,0.8270,1.35
2017-12-15,0.8290,0.8290,0.24
2017-12-18,0.8330,0.8330,0.48
2017-12-19,0.8340,0.8340,0.12
2017-12-20,0.8330,0.8330,-0.12
2017-12-21,0.8340,0.8340,0.12
2017-12-22,0.8320,0.8320,-0.24
2017-12-25,0.8400,0.8400,0.96
2017-12-26,0.8420,0.8420,0.24
2017-12-27,0.8460,0.8460,0.48
2017-12-28,0.8520,0.8520,0.71
2017-12-29,0.8530,0.8530,0.12
2017-12-31,0.8530,0.8530,
2018-01-02,0.8570,0.8570,0.47
2018-01-03,0.8600,0.8600,0.35
2018-01-04,0.8550,0.8550,-0.58
2018-01-05,0.8560,0.8560,0.12
2018-01-08,0.8570,0.8570,0.12
2018-01-09,0.8560,0.8560,-0.12
2018-01-10,0.8530,0.8530,-0.35
2018-01-11,0.8540,0.8540,0.12
2018-01-12,0.8520,0.8520,-0.23
2018-01-15,0.8580,0.8580,0.70
2018-01-16,0.8610,0.8610,0.35
2018-01-17,0.8530,0.8530,-0.93
2018-01-18,0.8480,0.8480,-0.59
2018-01-19,0.8440,0.8440,-0.47
2018-01-22,0.8440,0.8440,0.00
2018-01-23,0.8440,0.8440,0.00
2018-01-24,0.8400,0.8400,-0.47
2018-01-25,0.8550,0.8550,1.79
2018-01-26,0.8560,0.8560,0.12
2018-01-29,0.8530,0.8530,-0.35
2018-01-30,0.8440,0.8440,-1.06
2018-01-31,0.8420,0.8420,-0.24
2018-02-01,0.8430,0.8430,0.12
2018-02-02,0.8400,0.8400,-0.36
2018-02-05,0.8260,0.8260,-1.67
2018-02-06,0.8260,0.8260,0.00
2018-02-07,0.8190,0.8190,-0.85
2018-02-08,0.8070,0.8070,-1.47
2018-02-09,0.8110,0.8110,0.50
2018-02-12,0.8070,0.8070,-0.49
2018-02-13,0.8130,0.8130,0.74
2018-02-14,0.8140,0.8140,0.12
2018-02-22,0.8080,0.8080,-0.74
2018-02-23,0.8120,0.8120,0.50
2018-02-26,0.8160,0.8160,0.49
2018-02-27,0.8180,0.8180,0.25
2018-02-28,0.8110,0.8110,-0.86
2018-03-01,0.8090,0.8090,-0.25
2018-03-02,0.8070,0.8070,-0.25
2018-03-05,0.8120,0.8120,0.62
2018-03-06,0.8100,0.8100,-0.25
2018-03-07,0.8170,0.8170,0.86
2018-03-08,0.8130,0.8130,-0.49
2018-03-09,0.8110,0.8110,-0.25
2018-03-12,0.8120,0.8120,0.12
2018-03-13,0.8100,0.8100,-0.25
2018-03-14,0.8120,0.8120,0.25
2018-03-15,0.8110,0.8110,-0.12
2018-03-16,0.8070,0.8070,-0.49
2018-03-19,0.8010,0.8010,-0.74
2018-03-20,0.8010,0.8010,0.00
2018-03-21,0.7980,0.7980,-0.37
2018-03-22,0.8090,0.8090,1.38
2018-03-23,0.8110,0.8110,0.25
2018-03-26,0.8130,0.8130,0.25
2018-03-27,0.8130,0.8130,0.00
2018-03-28,0.8070,0.8070,-0.74
2018-03-29,0.7960,0.7960,-1.36
2018-03-30,0.7940,0.7940,-0.25
2018-04-02,0.7990,0.7990,0.63
2018-04-03,0.8050,0.8050,0.75
2018-04-04,0.8000,0.8000,-0.62
2018-04-09,0.8000,0.8000,0.00
2018-04-10,0.8020,0.8020,0.25
2018-04-11,0.8040,0.8040,0.25
2018-04-12,0.8090,0.8090,0.62
2018-04-13,0.8020,0.8020,-0.87
2018-04-16,0.8060,0.8060,0.50
2018-04-17,0.8070,0.8070,0.12
2018-04-18,0.8090,0.8090,0.25
2018-04-19,0.8240,0.8240,1.85
2018-04-20,0.8280,0.8280,0.49
2018-04-23,0.8250,0.8250,-0.36
2018-04-24,0.8120,0.8120,-1.58
2018-04-25,0.8120,0.8120,0.00
2018-04-26,0.8090,0.8090,-0.37
2018-04-27,0.8050,0.8050,-0.49
2018-05-02,0.7980,0.7980,-0.87
2018-05-03,0.8020,0.8020,0.50
2018-05-04,0.8040,0.8040,0.25
2018-05-07,0.8060,0.8060,0.25
2018-05-08,0.8060,0.8060,0.00
2018-05-09,0.8040,0.8040,-0.25
2018-05-10,0.8080,0.8080,0.50
2018-05-11,0.8110,0.8110,0.37
2018-05-14,0.8120,0.8120,0.12
2018-05-15,0.8050,0.8050,-0.86
2018-05-16,0.7940,0.7940,-1.37
2018-05-17,0.7970,0.7970,0.38
2018-05-18,0.7990,0.7990,0.25
2018-05-21,0.7980,0.7980,-0.13
2018-05-22,0.8000,0.8000,0.25
2018-05-23,0.8030,0.8030,0.38
2018-05-24,0.8000,0.8000,-0.37
2018-05-25,0.8050,0.8050,0.63
2018-05-28,0.8020,0.8020,-0.37
2018-05-29,0.8000,0.8000,-0.25
2018-05-30,0.7990,0.7990,-0.13
2018-05-31,0.8030,0.8030,0.50
2018-06-01,0.8030,0.8030,0.00
2018-06-04,0.8020,0.8020,-0.12
2018-06-05,0.8010,0.8010,-0.12
2018-06-06,0.8020,0.8020,0.12
2018-06-07,0.8060,0.8060,0.50
2018-06-08,0.8100,0.8100,0.50
2018-06-11,0.8160,0.8160,0.74
2018-06-12,0.8180,0.8180,0.25
2018-06-13,0.8170,0.8170,-0.12
2018-06-14,0.8220,0.8220,0.61
2018-06-15,0.8330,0.8330,1.34
2018-06-19,0.8030,0.8030,-3.60
2018-06-20,0.8000,0.8000,-0.37
2018-06-21,0.7990,0.7990,-0.13
2018-06-22,0.8020,0.8020,0.38
2018-06-25,0.8060,0.8060,0.50
2018-06-26,0.8060,0.8060,0.00
2018-06-27,0.8060,0.8060,0.00
2018-06-28,0.8040,0.8040,-0.25
2018-06-29,0.8030,0.8030,-0.12
2018-06-30,0.8030,0.8030,
2018-07-02,0.8050,0.8050,0.25
2018-07-03,0.8020,0.8020,-0.37
2018-07-04,0.8060,0.8060,0.50
2018-07-05,0.8050,0.8050,-0.12
2018-07-06,0.8050,0.8050,0.00
2018-07-09,0.8060,0.8060,0.12
2018-07-10,0.8060,0.8060,0.00
2018-07-11,0.8040,0.8040,-0.25
2018-07-12,0.8010,0.8010,-0.37
2018-07-13,0.8020,0.8020,0.12
2018-07-16,0.7990,0.7990,-0.37
2018-07-17,0.7960,0.7960,-0.38
2018-07-18,0.7900,0.7900,-0.75
2018-07-19,0.7880,0.7880,-0.25
2018-07-20,0.7860,0.7860,-0.25
2018-07-23,0.7910,0.7910,0.64
2018-07-24,0.7910,0.7910,0.00
2018-07-25,0.7940,0.7940,0.38
2018-07-26,0.7950,0.7950,0.13
2018-07-27,0.7930,0.7930,-0.25
2018-07-30,0.7940,0.7940,0.13
2018-07-31,0.7950,0.7950,0.13
2018-08-01,0.7940,0.7940,-0.13
2018-08-02,0.7930,0.7930,-0.13
2018-08-03,0.7920,0.7920,-0.13
2018-08-06,0.7960,0.7960,0.51
2018-08-07,0.7930,0.7930,-0.38
2018-08-08,0.7920,0.7920,-0.13
2018-08-09,0.7920,0.7920,0.00
2018-08-10,0.7920,0.7920,0.00
2018-08-13,0.7910,0.7910,-0.13
2018-08-14,0.7820,0.7820,-1.14
2018-08-15,0.7780,0.7780,-0.51
2018-08-16,0.7550,0.7550,-2.96
2018-08-17,0.7590,0.7590,0.53
2018-08-20,0.7580,0.7580,-0.13
2018-08-21,0.7590,0.7590,0.13
2018-08-22,0.7590,0.7590,0.00
2018-08-23,0.7580,0.7580,-0.13
2018-08-24,0.7550,0.7550,-0.40
2018-08-27,0.7590,0.7590,0.53
2018-08-28,0.7600,0.7600,0.13
2018-08-29,0.7570,0.7570,-0.39
2018-08-30,0.7560,0.7560,-0.13
2018-08-31,0.7510,0.7510,-0.66
2018-09-03,0.7470,0.7470,-0.53
2018-09-04,0.7430,0.7430,-0.54
2018-09-05,0.7270,0.7270,-2.15
2018-09-06,0.7290,0.7290,0.28
2018-09-07,0.7300,0.7300,0.14
2018-09-10,0.7290,0.7290,-0.14
2018-09-11,0.7310,0.7310,0.27
2018-09-12,0.7260,0.7260,-0.68
2018-09-13,0.7300,0.7300,0.55
2018-09-14,0.7330,0.7330,0.41
2018-09-17,0.7290,0.7290,-0.55
2018-09-18,0.7310,0.7310,0.27
2018-09-19,0.7300,0.7300,-0.14
2018-09-20,0.7360,0.7360,0.82
2018-09-21,0.7470,0.7470,1.49
2018-09-25,0.7440,0.7440,-0.40
2018-09-26,0.7510,0.7510,0.94
2018-09-27,0.7510,0.7510,0.00
2018-09-28,0.7440,0.7440,-0.93
2018-10-08,0.7550,0.7550,1.48
2018-10-09,0.7530,0.7530,-0.26
2018-10-10,0.7530,0.7530,0.00
2018-10-11,0.7510,0.7510,-0.27
2018-10-12,0.7590,0.7590,1.07
2018-10-15,0.7640,0.7640,0.66
2018-10-16,0.7650,0.7650,0.13
2018-10-17,0.7650,0.7650,0.00
2018-10-18,0.7610,0.7610,-0.52
2018-10-19,0.7620,0.7620,0.13
2018-10-22,0.7640,0.7640,0.26
2018-10-23,0.7630,0.7630,-0.13
2018-10-24,0.7730,0.7730,1.31
2018-10-25,0.7730,0.7730,0.00
2018-10-26,0.7700,0.7700,-0.39
2018-10-29,0.7710,0.7710,0.13
2018-10-30,0.7640,0.7640,-0.91
2018-10-31,0.7590,0.7590,-0.65
2018-11-01,0.7530,0.7530,-0.79
2018-11-02,0.7630,0.7630,1.33
2018-11-05,0.7650,0.7650,0.26
2018-11-06,0.7640,0.7640,-0.13
2018-11-07,0.7610,0.7610,-0.39
2018-11-08,0.7610,0.7610,0.00
2018-11-09,0.7550,0.7550,-0.79
2018-11-12,0.7480,0.7480,-0.93
2018-11-13,0.7450,0.7450,-0.40
2018-11-14,0.7430,0.7430,-0.27
2018-11-15,0.7430,0.7430,0.00
2018-11-16,0.7490,0.7490,0.81
2018-11-19,0.7530,0.7530,0.53
2018-11-20,0.7530,0.7530,0.00
2018-11-21,0.7520,0.7520,-0.13
2018-11-22,0.7560,0.7560,0.53
2018-11-23,0.7550,0.7550,-0.13
2018-11-26,0.7490,0.7490,-0.79
2018-11-27,0.7470,0.7470,-0.27
2018-11-28,0.7450,0.7450,-0.27
2018-11-29,0.7480,0.7480,0.40
2018-11-30,0.7510,0.7510,0.40
2018-12-03,0.7470,0.7470,-0.53
2018-12-04,0.7540,0.7540,0.94
2018-12-05,0.7540,0.7540,0.00
2018-12-06,0.7540,0.7540,0.00
2018-12-07,0.7530,0.7530,-0.13
2018-12-10,0.7590,0.7590,0.80
2018-12-11,0.7600,0.7600,0.13
2018-12-12,0.7610,0.7610,0.13
2018-12-13,0.7630,0.7630,0.26
2018-12-14,0.7620,0.7620,-0.13
2018-12-17,0.7580,0.7580,-0.52
2018-12-18,0.7600,0.7600,0.26
2018-12-19,0.7610,0.7610,0.13
2018-12-20,0.7630,0.7630,0.26
2018-12-21,0.7650,0.7650,0.26
2018-12-24,0.7640,0.7640,-0.13
2018-12-25,0.7660,0.7660,0.26
2018-12-26,0.7700,0.7700,0.52
2018-12-27,0.7770,0.7770,0.91
2018-12-28,0.7830,0.7830,0.77
2018-12-31,0.7830,0.7830,
2019-01-02,0.7890,0.7890,0.77
2019-01-03,0.7950,0.7950,0.76
2019-01-04,0.8030,0.8030,1.01
2019-01-07,0.8020,0.8020,-0.12
2019-01-08,0.8000,0.8000,-0.25
2019-01-09,0.7970,0.7970,-0.38
2019-01-10,0.7990,0.7990,0.25
2019-01-11,0.7940,0.7940,-0.63
2019-01-14,0.7900,0.7900,-0.50
2019-01-15,0.7920,0.7920,0.25
2019-01-16,0.7900,0.7900,-0.25
2019-01-17,0.7900,0.7900,0.00
2019-01-18,0.7900,0.7900,0.00
2019-01-21,0.7820,0.7820,-1.01
2019-01-22,0.7750,0.7750,-0.90
2019-01-23,0.7790,0.7790,0.52
2019-01-24,0.7780,0.7780,-0.13
2019-01-25,0.7770,0.7770,-0.13
2019-01-28,0.7880,0.7880,1.42
2019-01-29,0.7920,0.7920,0.51
2019-01-30,0.7980,0.7980,0.76
2019-01-31,0.7960,0.7960,-0.25
2019-02-01,0.7990,0.7990,0.38
2019-02-11,0.7950,0.7950,-0.50
2019-02-12,0.7950,0.7950,0.00
2019-02-13,0.7940,0.7940,-0.13
2019-02-14,0.7910,0.7910,-0.38
2019-02-15,0.7860,0.7860,-0.63
2019-02-18,0.7940,0.7940,1.02
2019-02-19,0.7980,0.7980,0.50
2019-02-20,0.8030,0.8030,0.63
2019-02-21,0.8010,0.8010,-0.25
2019-02-22,0.7940,0.7940,-0.87
2019-02-25,0.7950,0.7950,0.13
2019-02-26,0.7930,0.7930,-0.25
2019-02-27,0.7920,0.7920,-0.13
2019-02-28,0.7860,0.7860,-0.76
2019-03-01,0.7810,0.7810,-0.64
2019-03-04,0.7690,0.7690,-1.54
2019-03-05,0.7560,0.7560,-1.69
2019-03-06,0.7570,0.7570,0.13
2019-03-07,0.7590,0.7590,0.26
2019-03-08,0.7580,0.7580,-0.13
2019-03-11,0.7670,0.7670,1.19
2019-03-12,0.7670,0.7670,0.00
2019-03-13,0.7700,0.7700,0.39
2019-03-14,0.7670,0.7670,-0.39
2019-03-15,0.7600,0.7600,-0.91
2019-03-18,0.7640,0.7640,0.53
2019-03-19,0.7670,0.7670,0.39
2019-03-20,0.7670,0.7670,0.00
2019-03-21,0.7710,0.7710,0.52
2019-03-22,0.7730,0.7730,0.26
2019-03-25,0.7730,0.7730,0.00
2019-03-26,0.7750,0.7750,0.26
2019-03-27,0.7700,0.7700,-0.65
2019-03-28,0.7650,0.7650,-0.65
2019-03-29,0.7530,0.7530,-1.57
2019-04-01,0.7540,0.7540,0.13
2019-04-02,0.7560,0.7560,0.27
2019-04-03,0.7570,0.7570,0.13
2019-04-04,0.7570,0.7570,0.00
2019-04-08,0.7600,0.7600,0.40
2019-04-09,0.7640,0.7640,0.53
2019-04-10,0.7630,0.7630,-0.13
2019-04-11,0.7620,0.7620,-0.13
2019-04-12,0.7530,0.7530,-1.18
2019-04-15,0.7510,0.7510,-0.27
2019-04-16,0.7490,0.7490,-0.27
2019-04-17,0.7500,0.7500,0.13
2019-04-18,0.7500,0.7500,0.00
2019-04-19,0.7510,0.7510,0.13
2019-04-22,0.7540,0.7540,0.40
2019-04-23,0.7520,0.7520,-0.27
2019-04-24,0.7440,0.7440,-1.06
2019-04-25,0.7490,0.7490,0.67
2019-04-26,0.7530,0.7530,0.53
2019-04-29,0.7550,0.7550,0.27
2019-04-30,0.7510,0.7510,-0.53
2019-05-06,0.7530,0.7530,0.27
2019-05-07,0.7520,0.7520,-0.13
2019-05-08,0.7540,0.7540,0.27
2019-05-09,0.7540,0.7540,0.00
2019-05-10,0.7530,0.7530,-0.13
2019-05-13,0.7530,0.7530,0.00
2019-05-14,0.7600,0.7600,0.93
2019-05-15,0.7590,0.7590,-0.13
2019-05-16,0.7580,0.7580,-0.13
2019-05-17,0.7510,0.7510,-0.92
2019-05-20,0.7460,0.7460,-0.67
2019-05-21,0.7460,0.7460,0.00
2019-05-22,0.7450,0.7450,-0.13
2019-05-23,0.7460,0.7460,0.13
2019-05-24,0.7510,0.7510,0.67
2019-05-27,0.7500,0.7500,-0.13
2019-05-28,0.7490,0.7490,-0.13
2019-05-29,0.7420,0.7420,-0.93
2019-05-30,0.7440,0.7440,0.27
2019-05-31,0.7470,0.7470,0.40
2019-06-03,0.7510,0.7510,0.54
2019-06-04,0.7560,0.7560,0.67
2019-06-05,0.7580,0.7580,0.26
2019-06-06,0.7630,0.7630,0.66
2019-06-10,0.7610,0.7610,-0.26
2019-06-11,0.7560,0.7560,-0.66
2019-06-12,0.7580,0.7580,0.26
2019-06-13,0.7590,0.7590,0.13
2019-06-14,0.7640,0.7640,0.66
2019-06-17,0.7650,0.7650,0.13
2019-06-18,0.7630,0.7630,-0.26
2019-06-19,0.7640,0.7640,0.13
2019-06-20,0.7740,0.7740,1.31
2019-06-21,0.7810,0.7810,0.90
2019-06-24,0.7790,0.7790,-0.26
2019-06-25,0.7830,0.7830,0.51
2019-06-26,0.7810,0.7810,-0.26
2019-06-27,0.7770,0.7770,-0.51
2019-06-28,0.7740,0.7740,-0.39
2019-06-30,0.7740,0.7740,
2019-07-01,0.7700,0.7700,-0.52
2019-07-02,0.7680,0.7680,-0.26
2019-07-03,0.7770,0.7770,1.17
2019-07-04,0.7760,0.7760,-0.13
2019-07-05,0.7750,0.7750,-0.13
2019-07-08,0.7670,0.7670,-1.03
2019-07-09,0.7660,0.7660,-0.13
2019-07-10,0.7680,0.7680,0.26
2019-07-11,0.7730,0.7730,0.65
2019-07-12,0.7690,0.7690,-0.52
2019-07-15,0.7710,0.7710,0.26
2019-07-16,0.7770,0.7770,0.78
2019-07-17,0.7890,0.7890,1.54
2019-07-18,0.8090,0.8090,2.53
2019-07-19,0.8230,0.8230,1.73
2019-07-22,0.8260,0.8260,0.36
2019-07-23,0.8240,0.8240,-0.24
2019-07-24,0.8330,0.8330,1.09
2019-07-25,0.8350,0.8350,0.24
2019-07-26,0.8290,0.8290,-0.72
2019-07-29,0.8290,0.8290,0.00
2019-07-30,0.8300,0.8300,0.12
2019-07-31,0.8320,0.8320,0.24
2019-08-01,0.8220,0.8220,-1.20
2019-08-02,0.8180,0.8180,-0.49
2019-08-05,0.8380,0.8380,2.45
2019-08-06,0.8470,0.8470,1.07
2019-08-07,0.8560,0.8560,1.06
2019-08-08,0.8790,0.8790,2.69
2019-08-09,0.8760,0.8760,-0.34
2019-08-12,0.8760,0.8760,0.00
2019-08-13,0.8910,0.8910,1.71
2019-08-14,0.8790,0.8790,-1.35
2019-08-15,0.8910,0.8910,1.37
2019-08-16,0.8910,0.8910,0.00
2019-08-19,0.8830,0.8830,-0.90
2019-08-20,0.8770,0.8770,-0.68
2019-08-21,0.8850,0.8850,0.91
2019-08-22,0.8850,0.8850,0.00
2019-08-23,0.8860,0.8860,0.11
2019-08-26,0.9100,0.9100,2.71
2019-08-27,0.9230,0.9230,1.43
2019-08-28,0.9470,0.9470,2.60
2019-08-29,0.9590,0.9590,1.27
2019-08-30,0.9600,0.9600,0.10
2019-09-02,0.9570,0.9570,-0.31
2019-09-03,0.9660,0.9660,0.94
2019-09-04,1.0000,1.0000,3.52
2019-09-05,1.0100,1.0100,1.00
2019-09-06,0.9820,0.9820,-2.77
2019-09-09,0.9480,0.9480,-3.46
2019-09-10,0.9290,0.9290,-2.00
2019-09-11,0.9380,0.9380,0.97
2019-09-12,0.9330,0.9330,-0.53
2019-09-16,0.9220,0.9220,-1.18
2019-09-17,0.9230,0.9230,0.11
2019-09-18,0.9260,0.9260,0.33
2019-09-19,0.9190,0.9190,-0.76
2019-09-20,0.9240,0.9240,0.54
2019-09-23,0.9360,0.9360,1.30
2019-09-24,0.9550,0.9550,2.03
2019-09-25,0.9500,0.9500,-0.52
2019-09-26,0.9370,0.9370,-1.37
2019-09-27,0.9150,0.9150,-2.35
2019-09-30,0.8910,0.8910,-2.62
2019-10-08,0.8910,0.8910,0.00
2019-10-09,0.9150,0.9150,2.69
2019-10-10,0.9140,0.9140,-0.11
2019-10-11,0.9000,0.9000,-1.53
2019-10-14,0.8940,0.8940,-0.67
2019-10-15,0.9000,0.9000,0.67
2019-10-16,0.8910,0.8910,-1.00
2019-10-17,0.8890,0.8890,-0.22
2019-10-18,0.8950,0.8950,0.67
2019-10-21,0.8980,0.8980,0.34
2019-10-22,0.9020,0.9020,0.45
2019-10-23,0.8950,0.8950,-0.78
2019-10-24,0.8960,0.8960,0.11
2019-10-25,0.9100,0.9100,1.56
2019-10-28,0.9200,0.9200,1.10
2019-10-29,0.9080,0.9080,-1.30
2019-10-30,0.9040,0.9040,-0.44
2019-10-31,0.9060,0.9060,0.22
2019-11-01,0.9130,0.9130,0.77
2019-11-04,0.9120,0.9120,-0.11
2019-11-05,0.9130,0.9130,0.11
2019-11-06,0.8860,0.8860,-2.96
2019-11-07,0.8790,0.8790,-0.79
2019-11-08,0.8570,0.8570,-2.50
2019-11-11,0.8420,0.8420,-1.75
2019-11-12,0.8410,0.8410,-0.12
2019-11-13,0.8420,0.8420,0.12
2019-11-14,0.8480,0.8480,0.71
2019-11-15,0.8470,0.8470,-0.12
2019-11-18,0.8440,0.8440,-0.35
2019-11-19,0.8490,0.8490,0.59
2019-11-20,0.8530,0.8530,0.47
2019-11-21,0.8530,0.8530,0.00
2019-11-22,0.8520,0.8520,-0.12
2019-11-25,0.8480,0.8480,-0.47
2019-11-26,0.8420,0.8420,-0.71
2019-11-27,0.8470,0.8470,0.59
2019-11-28,0.8470,0.8470,0.00
2019-11-29,0.8470,0.8470,0.00
2019-12-02,0.8460,0.8460,-0.12
2019-12-03,0.8460,0.8460,0.00
2019-12-04,0.8620,0.8620,1.89
2019-12-05,0.8590,0.8590,-0.35
2019-12-06,0.8540,0.8540,-0.58
2019-12-09,0.8380,0.8380,-1.87
2019-12-10,0.8350,0.8350,-0.36
2019-12-11,0.8360,0.8360,0.12
2019-12-12,0.8430,0.8430,0.84
2019-12-13,0.8450,0.8450,0.24
2019-12-16,0.8450,0.8450,0.00
2019-12-17,0.8500,0.8500,0.59
2019-12-18,0.8500,0.8500,0.00
2019-12-19,0.8490,0.8490,-0.12
2019-12-20,0.8520,0.8520,0.35
2019-12-23,0.8600,0.8600,0.94
2019-12-24,0.8720,0.8720,1.40
2019-12-25,0.8820,0.8820,1.15
2019-12-26,0.8910,0.8910,1.02
2019-12-27,0.8930,0.8930,0.22
2019-12-30,0.8910,0.8910,-0.22
2019-12-31,0.8970,0.8970,0.67
2020-01-02,0.8860,0.8860,-1.23
2020-01-03,0.8980,0.8980,1.35
2020-01-06,0.9080,0.9080,1.11
2020-01-07,0.9040,0.9040,-0.44
2020-01-08,0.9160,0.9160,1.33
2020-01-09,0.8980,0.8980,-1.97
2020-01-10,0.8830,0.8830,-1.67
2020-01-13,0.8870,0.8870,0.45
2020-01-14,0.8740,0.8740,-1.47
2020-01-15,0.8720,0.8720,-0.23
2020-01-16,0.8770,0.8770,0.57
2020-01-17,0.8780,0.8780,0.11
2020-01-20,0.8800,0.8800,0.23
2020-01-21,0.8850,0.8850,0.57
2020-01-22,0.8730,0.8730,-1.36
2020-01-23,0.8730,0.8730,0.00
2020-02-03,0.8840,0.8840,1.26
2020-02-04,0.8770,0.8770,-0.79
2020-02-05,0.8740,0.8740,-0.34
2020-02-06,0.8740,0.8740,0.00
2020-02-07,0.8800,0.8800,0.69
2020-02-10,0.8780,0.8780,-0.23
2020-02-11,0.8770,0.8770,-0.11
2020-02-12,0.8660,0.8660,-1.25
2020-02-13,0.8690,0.8690,0.35
2020-02-14,0.8720,0.8720,0.35
2020-02-17,0.8800,0.8800,0.92
2020-02-18,0.8840,0.8840,0.45
2020-02-19,0.9030,0.9030,2.15
2020-02-20,0.9090,0.9090,0.66
2020-02-21,0.9180,0.9180,0.99
2020-02-24,0.9290,0.9290,1.20
2020-02-25,0.9160,0.9160,-1.40
2020-02-26,0.9010,0.9010,-1.64
2020-02-27,0.8980,0.8980,-0.33
2020-02-28,0.8670,0.8670,-3.45
2020-03-02,0.8380,0.8380,-3.34
2020-03-03,0.8370,0.8370,-0.12
2020-03-04,0.8510,0.8510,1.67
2020-03-05,0.8480,0.8480,-0.35
2020-03-06,0.8570,0.8570,1.06
2020-03-09,0.8290,0.8290,-3.27
2020-03-10,0.8330,0.8330,0.48
2020-03-11,0.8390,0.8390,0.72
2020-03-12,0.8190,0.8190,-2.38
2020-03-13,0.7730,0.7730,-5.62
2020-03-16,0.7250,0.7250,-6.21
2020-03-17,0.6480,0.6480,-10.62
2020-03-18,0.6150,0.6150,-5.09
2020-03-19,0.5910,0.5910,-3.90
2020-03-20,0.6170,0.6170,4.40
2020-03-23,0.6260,0.6260,1.46
2020-03-24,0.6620,0.6620,5.75
2020-03-25,0.6970,0.6970,5.29
2020-03-26,0.7000,0.7000,0.43
2020-03-27,0.7100,0.7100,1.43
2020-03-30,0.6750,0.6750,-4.93
2020-03-31,0.6850,0.6850,1.48
2020-04-01,0.6810,0.6810,-0.58
2020-04-02,0.6880,0.6880,1.03
2020-04-03,0.7060,0.7060,2.62
2020-04-07,0.7470,0.7470,5.81
2020-04-08,0.7350,0.7350,-1.61
2020-04-09,0.7360,0.7360,0.14
2020-04-10,0.7460,0.7460,1.36
2020-04-13,0.7360,0.7360,-1.34
2020-04-14,0.7530,0.7530,2.31
2020-04-15,0.7550,0.7550,0.27
2020-04-16,0.7430,0.7430,-1.59
2020-04-17,0.7350,0.7350,-1.08
2020-04-20,0.7300,0.7300,-0.68
2020-04-21,0.7360,0.7360,0.82
2020-04-22,0.7120,0.7120,-3.26
2020-04-23,0.7330,0.7330,2.95
2020-04-24,0.7350,0.7350,0.27
2020-04-27,0.7380,0.7380,0.41
2020-04-28,0.7200,0.7200,-2.44
2020-04-29,0.7280,0.7280,1.11
2020-04-30,0.7320,0.7320,0.55
2020-05-06,0.7280,0.7280,-0.55
2020-05-07,0.7260,0.7260,-0.27
2020-05-08,0.7430,0.7430,2.34
2020-05-11,0.7500,0.7500,0.94
2020-05-12,0.7470,0.7470,-0.40
2020-05-13,0.7500,0.7500,0.40
2020-05-14,0.7510,0.7510,0.13
2020-05-15,0.7730,0.7730,2.93
2020-05-18,0.8040,0.8040,4.01
2020-05-19,0.8130,0.8130,1.12
2020-05-20,0.8310,0.8310,2.21
2020-05-21,0.8250,0.8250,-0.72
2020-05-22,0.8030,0.8030,-2.67
2020-05-25,0.8140,0.8140,1.37
2020-05-26,0.8260,0.8260,1.47
2020-05-27,0.8230,0.8230,-0.36
2020-05-28,0.8230,0.8230,0.00
2020-05-29,0.8340,0.8340,1.34
2020-06-01,0.8600,0.8600,3.12
2020-06-02,0.8660,0.8660,0.70
2020-06-03,0.8540,0.8540,-1.39
2020-06-04,0.8350,0.8350,-2.22
2020-06-05,0.8380,0.8380,0.36
2020-06-08,0.8220,0.8220,-1.91
2020-06-09,0.8280,0.8280,0.73
2020-06-10,0.8340,0.8340,0.72
2020-06-11,0.8390,0.8390,0.60
2020-06-12,0.8340,0.8340,-0.60
2020-06-15,0.8200,0.8200,-1.68
2020-06-16,0.8070,0.8070,-1.59
2020-06-17,0.8160,0.8160,1.12
2020-06-18,0.8190,0.8190,0.37
2020-06-19,0.8160,0.8160,-0.37
2020-06-22,0.8320,0.8320,1.96
2020-06-23,0.8320,0.8320,0.00
2020-06-24,0.8340,0.8340,0.24
2020-06-29,0.8340,0.8340,0.00
2020-06-30,0.8290,0.8290,-0.60
2020-07-01,0.8450,0.8450,1.93
2020-07-02,0.8390,0.8390,-0.71
2020-07-03,0.8370,0.8370,-0.24
2020-07-06,0.8380,0.8380,0.12
2020-07-07,0.8460,0.8460,0.95
2020-07-08,0.8470,0.8470,0.12
2020-07-09,0.8630,0.8630,1.89
2020-07-10,0.8600,0.8600,-0.35
2020-07-13,0.8660,0.8660,0.70
2020-07-14,0.8790,0.8790,1.50
2020-07-15,0.8810,0.8810,0.23
2020-07-16,0.8810,0.8810,0.00
2020-07-17,0.8750,0.8750,-0.68
2020-07-20,0.8790,0.8790,0.46
2020-07-21,0.9090,0.9090,3.41
2020-07-22,0.9490,0.9490,4.40
2020-07-23,0.9900,0.9900,4.32
2020-07-24,1.0030,1.0030,1.31
2020-07-27,1.0350,1.0350,3.19
2020-07-28,1.0730,1.0730,3.67
2020-07-29,1.0650,1.0650,-0.75
2020-07-30,1.0580,1.0580,-0.66
2020-07-31,1.0230,1.0230,-3.31
2020-08-03,1.0450,1.0450,2.15
2020-08-04,1.0500,1.0500,0.48
2020-08-05,1.1050,1.1050,5.24
2020-08-06,1.1600,1.1600,4.98
2020-08-07,1.2150,1.2150,4.74
2020-08-10,1.1950,1.1950,-1.65
2020-08-11,1.2250,1.2250,2.51
2020-08-12,1.1370,1.1370,-7.18
2020-08-13,1.0660,1.0660,-6.24
2020-08-14,1.1110,1.1110,4.22
2020-08-17,1.0890,1.0890,-1.98
2020-08-18,1.1220,1.1220,3.03
2020-08-19,1.1220,1.1220,0.00
2020-08-20,1.0920,1.0920,-2.67
2020-08-21,1.0800,1.0800,-1.10
2020-08-24,1.0310,1.0310,-4.54
2020-08-25,1.0380,1.0380,0.68
2020-08-26,1.0300,1.0300,-0.77
2020-08-27,1.0590,1.0590,2.82
2020-08-28,1.0680,1.0680,0.85
2020-08-31,1.0890,1.0890,1.97
2020-09-01,1.1120,1.1120,2.11
2020-09-02,1.1120,1.1120,0.00
2020-09-03,1.0800,1.0800,-2.88
2020-09-04,1.0560,1.0560,-2.22
2020-09-07,1.0490,1.0490,-0.66
2020-09-08,1.0530,1.0530,0.38
2020-09-09,1.0360,1.0360,-1.61
2020-09-10,1.0540,1.0540,1.74
2020-09-11,1.0530,1.0530,-0.09
2020-09-14,1.0420,1.0420,-1.04
2020-09-15,1.0510,1.0510,0.86
2020-09-16,1.0470,1.0470,-0.38
2020-09-17,1.0400,1.0400,-0.67
2020-09-18,1.0220,1.0220,-1.73
2020-09-21,1.0270,1.0270,0.49
2020-09-22,0.9500,0.9500,-7.50
2020-09-23,0.9060,0.9060,-4.63
2020-09-24,0.8620,0.8620,-4.86
2020-09-25,0.8630,0.8630,0.12
2020-09-28,0.8660,0.8660,0.35
2020-09-29,0.8830,0.8830,1.96
2020-09-30,0.8930,0.8930,1.13
2020-10-09,0.9000,0.9000,0.78
2020-10-12,0.9350,0.9350,3.89
2020-10-13,0.9380,0.9380,0.32
2020-10-14,0.9040,0.9040,-3.62
2020-10-15,0.9080,0.9080,0.44
2020-10-16,0.8970,0.8970,-1.21
2020-10-19,0.9070,0.9070,1.11
2020-10-20,0.9150,0.9150,0.88
2020-10-21,0.9240,0.9240,0.98
2020-10-22,0.9300,0.9300,0.65
2020-10-23,0.9150,0.9150,-1.61
2020-10-26,0.9080,0.9080,-0.77
2020-10-27,0.9060,0.9060,-0.22
2020-10-28,0.9100,0.9100,0.44
2020-10-29,0.8740,0.8740,-3.96
2020-10-30,0.8660,0.8660,-0.92
2020-11-02,0.8850,0.8850,2.19
2020-11-03,0.9000,0.9000,1.69
2020-11-04,0.9030,0.9030,0.33
2020-11-05,0.8990,0.8990,-0.44
2020-11-06,0.9270,0.9270,3.11
2020-11-09,0.9450,0.9450,1.94
2020-11-10,0.8920,0.8920,-5.61
2020-11-11,0.8920,0.8920,0.00
2020-11-12,0.8860,0.8860,-0.67
2020-11-13,0.8910,0.8910,0.56
2020-11-16,0.9120,0.9120,2.36
2020-11-17,0.9030,0.9030,-0.99
2020-11-18,0.8980,0.8980,-0.55
2020-11-19,0.8890,0.8890,-1.00
2020-11-20,0.8760,0.8760,-1.46
2020-11-23,0.8860,0.8860,1.14
2020-11-24,0.8610,0.8610,-2.82
2020-11-25,0.8490,0.8490,-1.39
2020-11-26,0.8530,0.8530,0.47
2020-11-27,0.8510,0.8510,-0.23
2020-11-30,0.8230,0.8230,-3.29
2020-12-01,0.8260,0.8260,0.36
2020-12-02,0.8630,0.8630,4.48
2020-12-03,0.8680,0.8680,0.58
2020-12-04,0.8700,0.8700,0.23
2020-12-07,0.8740,0.8740,0.46
2020-12-08,0.8850,0.8850,1.26
2020-12-09,0.8880,0.8880,0.34
2020-12-10,0.8700,0.8700,-2.03
2020-12-11,0.8690,0.8690,-0.11
2020-12-14,0.8640,0.8640,-0.58
2020-12-15,0.8680,0.8680,0.46
2020-12-16,0.8880,0.8880,2.30
2020-12-17,0.9070,0.9070,2.14
2020-12-18,0.9290,0.9290,2.43
2020-12-21,0.9510,0.9510,2.37
2020-12-22,0.9420,0.9420,-0.95
2020-12-23,0.9190,0.9190,-2.44
2020-12-24,0.9250,0.9250,0.65
2020-12-25,0.9250,0.9250,0.00
2020-12-28,0.9520,0.9520,2.92
2020-12-29,0.9570,0.9570,0.53
2020-12-30,0.9460,0.9460,-1.15
2020-12-31,0.9550,0.9550,0.95
2021-01-04,0.9760,0.9760,2.20
2021-01-05,0.9780,0.9780,0.20
2021-01-06,0.9780,0.9780,0.00
2021-01-07,0.9640,0.9640,-1.43
2021-01-08,0.9630,0.9630,-0.10
2021-01-11,0.9030,0.9030,-6.23
2021-01-12,0.8790,0.8790,-2.66
2021-01-13,0.8880,0.8880,1.02
2021-01-14,0.8870,0.8870,-0.11
2021-01-15,0.8960,0.8960,1.01
2021-01-18,0.8740,0.8740,-2.46
2021-01-19,0.8850,0.8850,1.26
2021-01-20,0.8890,0.8890,0.45
2021-01-21,0.8990,0.8990,1.12
2021-01-22,0.8990,0.8990,0.00
2021-01-25,0.8900,0.8900,-1.00
2021-01-26,0.8920,0.8920,0.22
2021-01-27,0.8900,0.8900,-0.22
2021-01-28,0.8780,0.8780,-1.35
2021-01-29,0.9090,0.9090,3.53
2021-02-01,0.9550,0.9550,5.06
2021-02-02,0.9910,0.9910,3.77
2021-02-03,0.9270,0.9270,-6.46
2021-02-04,0.9170,0.9170,-1.08
2021-02-05,0.8980,0.8980,-2.07
2021-02-08,0.9130,0.9130,1.67
2021-02-09,0.9280,0.9280,1.64
2021-02-10,0.9230,0.9230,-0.54
2021-02-18,0.9240,0.9240,0.11
2021-02-19,0.9170,0.9170,-0.76
2021-02-22,0.9410,0.9410,2.62
2021-02-23,0.9570,0.9570,1.70
2021-02-24,0.9500,0.9500,-0.73
2021-02-25,0.9510,0.9510,0.11
2021-02-26,0.9410,0.9410,-1.05
2021-03-01,0.9060,0.9060,-3.72
2021-03-02,0.9010,0.9010,-0.55
2021-03-03,0.9020,0.9020,0.11
2021-03-04,0.8900,0.8900,-1.33
2021-03-05,0.8730,0.8730,-1.91
2021-03-08,0.8650,0.8650,-0.92
2021-03-09,0.8660,0.8660,0.12
2021-03-10,0.8850,0.8850,2.19
2021-03-11,0.8900,0.8900,0.56
2021-03-12,0.8890,0.8890,-0.11
2021-03-15,0.8810,0.8810,-0.90
2021-03-16,0.8960,0.8960,1.70
2021-03-17,0.8870,0.8870,-1.00
2021-03-18,0.8990,0.8990,1.35
2021-03-19,0.8940,0.8940,-0.56
2021-03-22,0.8880,0.8880,-0.67
2021-03-23,0.8750,0.8750,-1.46
2021-03-24,0.8570,0.8570,-2.06
2021-03-25,0.8560,0.8560,-0.12
2021-03-26,0.8510,0.8510,-0.58
2021-03-29,0.8520,0.8520,0.12
2021-03-30,0.8450,0.8450,-0.82
2021-03-31,0.8220,0.8220,-2.72
2021-04-01,0.8310,0.8310,1.09
2021-04-02,0.8500,0.8500,2.29
2021-04-06,0.8550,0.8550,0.59
2021-04-07,0.8600,0.8600,0.58
2021-04-08,0.8600,0.8600,0.00
2021-04-09,0.8710,0.8710,1.28
2021-04-12,0.8600,0.8600,-1.26
2021-04-13,0.8480,0.8480,-1.40
2021-04-14,0.8650,0.8650,2.00
2021-04-15,0.8660,0.8660,0.12
2021-04-16,0.8800,0.8800,1.62
2021-04-19,0.8830,0.8830,0.34
2021-04-20,0.8760,0.8760,-0.79
2021-04-21,0.8780,0.8780,0.23
2021-04-22,0.8920,0.8920,1.59
2021-04-23,0.8860,0.8860,-0.67
2021-04-26,0.8800,0.8800,-0.68
2021-04-27,0.8820,0.8820,0.23
2021-04-28,0.8850,0.8850,0.34
2021-04-29,0.8830,0.8830,-0.23
2021-04-30,0.8750,0.8750,-0.91
2021-05-06,0.8940,0.8940,2.17
2021-05-07,0.9170,0.9170,2.57
2021-05-10,0.9220,0.9220,0.55
2021-05-11,0.9190,0.9190,-0.33
2021-05-12,0.9160,0.9160,-0.33
2021-05-13,0.9140,0.9140,-0.22
2021-05-14,0.9030,0.9030,-1.20
2021-05-17,0.9200,0.9200,1.88
2021-05-18,0.9430,0.9430,2.50
2021-05-19,0.9430,0.9430,0.00
2021-05-20,0.9270,0.9270,-1.70
2021-05-21,0.9220,0.9220,-0.54
2021-05-24,0.9150,0.9150,-0.76
2021-05-25,0.9150,0.9150,0.00
2021-05-26,0.9240,0.9240,0.98
2021-05-27,0.9130,0.9130,-1.19
2021-05-28,0.9090,0.9090,-0.44
2021-05-31,0.9130,0.9130,0.44
2021-06-01,0.9230,0.9230,1.10
2021-06-02,0.9220,0.9220,-0.11
2021-06-03,0.9180,0.9180,-0.43
2021-06-04,0.8910,0.8910,-2.94
2021-06-07,0.9010,0.9010,1.12
2021-06-08,0.9070,0.9070,0.67
2021-06-09,0.9010,0.9010,-0.66
2021-06-10,0.9030,0.9030,0.22
2021-06-11,0.9100,0.9100,0.78
2021-06-15,0.9040,0.9040,-0.66
2021-06-16,0.9010,0.9010,-0.33
2021-06-17,0.8920,0.8920,-1.00
2021-06-18,0.8530,0.8530,-4.37
2021-06-21,0.8500,0.8500,-0.35
2021-06-22,0.8530,0.8530,0.35
2021-06-23,0.8530,0.8530,0.00
2021-06-24,0.8590,0.8590,0.70
2021-06-25,0.8590,0.8590,0.00
2021-06-28,0.8580,0.8580,-0.12
2021-06-29,0.8580,0.8580,0.00
2021-06-30,0.8460,0.8460,-1.40
2021-07-01,0.8580,0.8580,1.42
2021-07-02,0.8600,0.8600,0.23
2021-07-05,0.8710,0.8710,1.28
2021-07-06,0.8720,0.8720,0.11
2021-07-07,0.8660,0.8660,-0.69
2021-07-08,0.8610,0.8610,-0.58
2021-07-09,0.8590,0.8590,-0.23
2021-07-12,0.8630,0.8630,0.47
2021-07-13,0.8650,0.8650,0.23
2021-07-14,0.8600,0.8600,-0.58
2021-07-15,0.8670,0.8670,0.81
2021-07-16,0.8690,0.8690,0.23
2021-07-19,0.8510,0.8510,-2.07
2021-07-20,0.8320,0.8320,-2.23
2021-07-21,0.8250,0.8250,-0.84
2021-07-22,0.8310,0.8310,0.73
2021-07-23,0.8350,0.8350,0.48
2021-07-26,0.8340,0.8340,-0.12
2021-07-27,0.8340,0.8340,0.00
2021-07-28,0.8260,0.8260,-0.96
2021-07-29,0.8330,0.8330,0.85
2021-07-30,0.8460,0.8460,1.56
2021-08-02,0.8440,0.8440,-0.24
2021-08-03,0.8400,0.8400,-0.47
2021-08-04,0.8450,0.8450,0.60
2021-08-05,0.8440,0.8440,-0.12
2021-08-06,0.8300,0.8300,-1.66
2021-08-09,0.8020,0.8020,-3.37
2021-08-10,0.7900,0.7900,-1.50
2021-08-11,0.7890,0.7890,-0.13
2021-08-12,0.7970,0.7970,1.01
2021-08-13,0.7900,0.7900,-0.88
2021-08-16,0.8010,0.8010,1.39
2021-08-17,0.8020,0.8020,0.12
2021-08-18,0.7970,0.7970,-0.62
2021-08-19,0.7870,0.7870,-1.25
2021-08-20,0.7860,0.7860,-0.13
2021-08-23,0.7790,0.7790,-0.89
2021-08-24,0.7940,0.7940,1.93
2021-08-25,0.7990,0.7990,0.63
2021-08-26,0.7950,0.7950,-0.50
2021-08-27,0.7890,0.7890,-0.75
2021-08-30,0.7950,0.7950,0.76
2021-08-31,0.8000,0.8000,0.63
2021-09-01,0.7980,0.7980,-0.25
2021-09-02,0.8030,0.8030,0.63
2021-09-03,0.7970,0.7970,-0.75
2021-09-06,0.8170,0.8170,2.51
2021-09-07,0.8190,0.8190,0.24
2021-09-08,0.8100,0.8100,-1.10
2021-09-09,0.7990,0.7990,-1.36
2021-09-10,0.8010,0.8010,0.25
2021-09-13,0.7920,0.7920,-1.12
2021-09-14,0.7850,0.7850,-0.88
2021-09-15,0.7870,0.7870,0.25
2021-09-16,0.7840,0.7840,-0.38
2021-09-17,0.7570,0.7570,-3.44
2021-09-22,0.7580,0.7580,0.13
2021-09-23,0.7580,0.7580,0.00
2021-09-24,0.7540,0.7540,-0.53
2021-09-27,0.7450,0.7450,-1.19
2021-09-28,0.7500,0.7500,0.67
2021-09-29,0.7430,0.7430,-0.93
2021-09-30,0.7210,0.7210,-2.96
2021-10-08,0.7450,0.7450,3.33
2021-10-11,0.7570,0.7570,1.61
2021-10-12,0.7500,0.7500,-0.92
2021-10-13,0.7470,0.7470,-0.40
2021-10-14,0.7570,0.7570,1.34
2021-10-15,0.7690,0.7690,1.59
2021-10-18,0.7660,0.7660,-0.39
2021-10-19,0.7640,0.7640,-0.26
2021-10-20,0.7740,0.7740,1.31
2021-10-21,0.7810,0.7810,0.90
2021-10-22,0.7700,0.7700,-1.41
2021-10-25,0.7790,0.7790,1.17
2021-10-26,0.7760,0.7760,-0.39
2021-10-27,0.7600,0.7600,-2.06
2021-10-28,0.7610,0.7610,0.13
2021-10-29,0.7580,0.7580,-0.39
2021-11-01,0.7510,0.7510,-0.92
2021-11-02,0.7580,0.7580,0.93
2021-11-03,0.7450,0.7450,-1.72
2021-11-04,0.7390,0.7390,-0.81
2021-11-05,0.7540,0.7540,2.03
2021-11-08,0.7630,0.7630,1.19
2021-11-09,0.7700,0.7700,0.92
2021-11-10,0.7660,0.7660,-0.52
2021-11-11,0.7850,0.7850,2.48
2021-11-12,0.7970,0.7970,1.53
2021-11-15,0.7940,0.7940,-0.38
2021-11-16,0.7890,0.7890,-0.63
2021-11-17,0.7900,0.7900,0.13
2021-11-18,0.7900,0.7900,0.00
2021-11-19,0.7820,0.7820,-1.01
2021-11-22,0.7800,0.7800,-0.26
2021-11-23,0.7690,0.7690,-1.41
2021-11-24,0.7380,0.7380,-4.03
2021-11-25,0.7390,0.7390,0.14
2021-11-26,0.7390,0.7390,0.00
2021-11-29,0.7330,0.7330,-0.81
2021-11-30,0.7220,0.7220,-1.50
2021-12-01,0.7190,0.7190,-0.42
2021-12-02,0.7100,0.7100,-1.25
2021-12-03,0.7080,0.7080,-0.28
2021-12-06,0.7090,0.7090,0.14
2021-12-07,0.7080,0.7080,-0.14
2021-12-08,0.7100,0.7100,0.28
2021-12-09,0.7060,0.7060,-0.56
2021-12-10,0.6960,0.6960,-1.42
2021-12-13,0.7020,0.7020,0.86
2021-12-14,0.7100,0.7100,1.14
2021-12-15,0.7020,0.7020,-1.13
2021-12-16,0.7010,0.7010,-0.14
2021-12-17,0.7160,0.7160,2.14
2021-12-20,0.7180,0.7180,0.28
2021-12-21,0.7130,0.7130,-0.70
2021-12-22,0.7220,0.7220,1.26
2021-12-23,0.7250,0.7250,0.42
2021-12-24,0.7270,0.7270,0.28
2021-12-27,0.7260,0.7260,-0.14
2021-12-28,0.7260,0.7260,0.00
2021-12-29,0.7280,0.7280,0.28
2021-12-30,0.7180,0.7180,-1.37
2021-12-31,0.7250,0.7250,0.97
2022-01-04,0.7180,0.7180,-0.97
2022-01-05,0.7180,0.7180,0.00
2022-01-06,0.7140,0.7140,-0.56
2022-01-07,0.6920,0.6920,-3.08
2022-01-10,0.6920,0.6920,0.00
2022-01-11,0.6970,0.6970,0.72
2022-01-12,0.7030,0.7030,0.86
2022-01-13,0.7120,0.7120,1.28
2022-01-14,0.7130,0.7130,0.14
2022-01-17,0.7110,0.7110,-0.28
2022-01-18,0.7100,0.7100,-0.14
2022-01-19,0.7240,0.7240,1.97
2022-01-20,0.7380,0.7380,1.93
2022-01-21,0.7540,0.7540,2.17
2022-01-24,0.7490,0.7490,-0.66
2022-01-25,0.7310,0.7310,-2.40
2022-01-26,0.7320,0.7320,0.14
2022-01-27,0.7220,0.7220,-1.37
2022-01-28,0.6990,0.6990,-3.19
2022-02-07,0.7000,0.7000,0.14
2022-02-08,0.7050,0.7050,0.71
2022-02-09,0.7100,0.7100,0.71
2022-02-10,0.7110,0.7110,0.14
2022-02-11,0.7140,0.7140,0.42
2022-02-14,0.7150,0.7150,0.14
2022-02-15,0.7260,0.7260,1.54
2022-02-16,0.7070,0.7070,-2.62
2022-02-17,0.7110,0.7110,0.57
2022-02-18,0.7200,0.7200,1.27
2022-02-21,0.7220,0.7220,0.28
2022-02-22,0.7280,0.7280,0.83
2022-02-23,0.7310,0.7310,0.41
2022-02-24,0.7440,0.7440,1.78
2022-02-25,0.7460,0.7460,0.27
2022-02-28,0.7220,0.7220,-3.22
2022-03-01,0.7280,0.7280,0.83
2022-03-02,0.7420,0.7420,1.92
2022-03-03,0.7430,0.7430,0.13
2022-03-04,0.7420,0.7420,-0.13
2022-03-07,0.7560,0.7560,1.89
2022-03-08,0.7550,0.7550,-0.13
2022-03-09,0.7780,0.7780,3.05
2022-03-10,0.7570,0.7570,-2.70
2022-03-11,0.7560,0.7560,-0.13
2022-03-14,0.7500,0.7500,-0.79
2022-03-15,0.7340,0.7340,-2.13
2022-03-16,0.7320,0.7320,-0.27
2022-03-17,0.7360,0.7360,0.55
2022-03-18,0.7490,0.7490,1.77
2022-03-21,0.7430,0.7430,-0.80
2022-03-22,0.7490,0.7490,0.81
2022-03-23,0.7420,0.7420,-0.93
2022-03-24,0.7490,0.7490,0.94
2022-03-25,0.7620,0.7620,1.74
2022-03-28,0.7580,0.7580,-0.52
2022-03-29,0.7480,0.7480,-1.32
2022-03-30,0.7300,0.7300,-2.41
2022-03-31,0.7340,0.7340,0.55
2022-04-01,0.7340,0.7340,0.00
2022-04-06,0.7220,0.7220,-1.63
2022-04-07,0.7240,0.7240,0.28
2022-04-08,0.7280,0.7280,0.55
2022-04-11,0.7360,0.7360,1.10
2022-04-12,0.7490,0.7490,1.77
2022-04-13,0.7570,0.7570,1.07
2022-04-14,0.7620,0.7620,0.66
2022-04-15,0.7580,0.7580,-0.52
2022-04-18,0.7680,0.7680,1.32
2022-04-19,0.7690,0.7690,0.13
2022-04-20,0.7500,0.7500,-2.47
2022-04-21,0.7490,0.7490,-0.13
2022-04-22,0.7380,0.7380,-1.47
2022-04-25,0.7290,0.7290,-1.22
2022-04-26,0.7200,0.7200,-1.23
2022-04-27,0.7190,0.7190,-0.14
2022-04-28,0.7120,0.7120,-0.97
2022-04-29,0.7110,0.7110,-0.14
2022-05-05,0.7140,0.7140,0.42
2022-05-06,0.7020,0.7020,-1.68
2022-05-09,0.6990,0.6990,-0.43
2022-05-10,0.6930,0.6930,-0.86
2022-05-11,0.6870,0.6870,-0.87
2022-05-12,0.6860,0.6860,-0.15
2022-05-13,0.6730,0.6730,-1.90
2022-05-16,0.6710,0.6710,-0.30
2022-05-17,0.6830,0.6830,1.79
2022-05-18,0.6820,0.6820,-0.15
2022-05-19,0.6790,0.6790,-0.44
2022-05-20,0.6890,0.6890,1.47
2022-05-23,0.6850,0.6850,-0.58
2022-05-24,0.6820,0.6820,-0.44
2022-05-25,0.6870,0.6870,0.73
2022-05-26,0.6830,0.6830,-0.58
2022-05-27,0.6890,0.6890,0.88
2022-05-30,0.6890,0.6890,0.00
2022-05-31,0.6770,0.6770,-1.74
2022-06-01,0.6720,0.6720,-0.74
2022-06-02,0.6770,0.6770,0.74
2022-06-06,0.6880,0.6880,1.62
2022-06-07,0.6870,0.6870,-0.15
2022-06-08,0.6870,0.6870,0.00
2022-06-09,0.6860,0.6860,-0.15
2022-06-10,0.6760,0.6760,-1.46
2022-06-13,0.6780,0.6780,0.30
2022-06-14,0.6670,0.6670,-1.62
2022-06-15,0.6630,0.6630,-0.60
2022-06-16,0.6730,0.6730,1.51
2022-06-17,0.6790,0.6790,0.89
2022-06-20,0.6770,0.6770,-0.29
2022-06-21,0.6730,0.6730,-0.59
2022-06-22,0.6730,0.6730,0.00
2022-06-23,0.6670,0.6670,-0.89
2022-06-24,0.6540,0.6540,-1.95
2022-06-27,0.6510,0.6510,-0.46
2022-06-28,0.6560,0.6560,0.77
2022-06-29,0.6500,0.6500,-0.91
2022-06-30,0.6480,0.6480,-0.31
2022-07-01,0.6340,0.6340,-2.16
2022-07-04,0.6180,0.6180,-2.52
2022-07-05,0.6260,0.6260,1.29
2022-07-06,0.6070,0.6070,-3.04
2022-07-07,0.6050,0.6050,-0.33
2022-07-08,0.6080,0.6080,0.50
2022-07-11,0.6060,0.6060,-0.33
2022-07-12,0.6030,0.6030,-0.50
2022-07-13,0.6000,0.6000,-0.50
2022-07-14,0.6050,0.6050,0.83
2022-07-15,0.5820,0.5820,-3.80
2022-07-18,0.5900,0.5900,1.37
2022-07-19,0.5930,0.5930,0.51
2022-07-20,0.5930,0.5930,0.00
2022-07-21,0.5970,0.5970,0.67
2022-07-22,0.5980,0.5980,0.17
2022-07-25,0.5970,0.5970,-0.17
2022-07-26,0.5910,0.5910,-1.01
2022-07-27,0.5970,0.5970,1.02
2022-07-28,0.6070,0.6070,1.68
2022-07-29,0.6280,0.6280,3.46
2022-08-01,0.6340,0.6340,0.96
2022-08-02,0.6370,0.6370,0.47
2022-08-03,0.6330,0.6330,-0.63
2022-08-04,0.6300,0.6300,-0.47
2022-08-05,0.6350,0.6350,0.79
2022-08-08,0.6220,0.6220,-2.05
2022-08-09,0.6420,0.6420,3.22
2022-08-10,0.6410,0.6410,-0.16
2022-08-11,0.6430,0.6430,0.31
2022-08-12,0.6360,0.6360,-1.09
2022-08-15,0.6450,0.6450,1.42
2022-08-16,0.6330,0.6330,-1.86
2022-08-17,0.6320,0.6320,-0.16
2022-08-18,0.6210,0.6210,-1.74
2022-08-19,0.6120,0.6120,-1.45
2022-08-22,0.6030,0.6030,-1.47
2022-08-23,0.6040,0.6040,0.17
2022-08-24,0.6080,0.6080,0.66
2022-08-25,0.6100,0.6100,0.33
2022-08-26,0.6100,0.6100,0.00
2022-08-29,0.6070,0.6070,-0.49
2022-08-30,0.6020,0.6020,-0.82
2022-08-31,0.5960,0.5960,-1.00
2022-09-01,0.5860,0.5860,-1.68
2022-09-02,0.5850,0.5850,-0.17
2022-09-05,0.5910,0.5910,1.03
2022-09-06,0.5950,0.5950,0.68
2022-09-07,0.5900,0.5900,-0.84
2022-09-08,0.5960,0.5960,1.02
2022-09-09,0.6020,0.6020,1.01
2022-09-13,0.6270,0.6270,4.15
2022-09-14,0.6190,0.6190,-1.28
2022-09-15,0.6230,0.6230,0.65
2022-09-16,0.6160,0.6160,-1.12
2022-09-19,0.6190,0.6190,0.49
2022-09-20,0.6210,0.6210,0.32
2022-09-21,0.6180,0.6180,-0.48
2022-09-22,0.6270,0.6270,1.46
2022-09-23,0.6340,0.6340,1.12
2022-09-26,0.6190,0.6190,-2.37
2022-09-27,0.6130,0.6130,-0.97
2022-09-28,0.6080,0.6080,-0.82
2022-09-29,0.6130,0.6130,0.82
2022-09-30,0.6150,0.6150,0.33
2022-10-10,0.6380,0.6380,3.74
2022-10-11,0.6360,0.6360,-0.31
2022-10-12,0.6300,0.6300,-0.94
2022-10-13,0.6240,0.6240,-0.95
2022-10-14,0.6190,0.6190,-0.80
2022-10-17,0.6140,0.6140,-0.81
2022-10-18,0.6180,0.6180,0.65
2022-10-19,0.6170,0.6170,-0.16
2022-10-20,0.6140,0.6140,-0.49
2022-10-21,0.6180,0.6180,0.65
2022-10-24,0.6290,0.6290,1.78
2022-10-25,0.6380,0.6380,1.43
2022-10-26,0.6430,0.6430,0.78
2022-10-27,0.6420,0.6420,-0.16
2022-10-28,0.6430,0.6430,0.16
2022-10-31,0.6340,0.6340,-1.40
2022-11-01,0.6400,0.6400,0.95
2022-11-02,0.6500,0.6500,1.56
2022-11-03,0.6480,0.6480,-0.31
2022-11-04,0.6410,0.6410,-1.08
2022-11-07,0.6590,0.6590,2.81
2022-11-08,0.6690,0.6690,1.52
2022-11-09,0.6840,0.6840,2.24
2022-11-10,0.6860,0.6860,0.29
2022-11-11,0.6940,0.6940,1.17
2022-11-14,0.6840,0.6840,-1.44
2022-11-15,0.6890,0.6890,0.73
2022-11-16,0.6850,0.6850,-0.58
2022-11-17,0.6840,0.6840,-0.15
2022-11-18,0.6750,0.6750,-1.32
2022-11-21,0.6710,0.6710,-0.59
2022-11-22,0.6730,0.6730,0.30
2022-11-23,0.6740,0.6740,0.15
2022-11-24,0.6850,0.6850,1.63
2022-11-25,0.6870,0.6870,0.29
2022-11-28,0.6850,0.6850,-0.29
2022-11-29,0.6860,0.6860,0.15
2022-11-30,0.6850,0.6850,-0.15
2022-12-01,0.6960,0.6960,1.61
2022-12-02,0.7110,0.7110,2.16
2022-12-05,0.7210,0.7210,1.41
2022-12-06,0.7090,0.7090,-1.66
2022-12-07,0.7010,0.7010,-1.13
2022-12-08,0.7060,0.7060,0.71
2022-12-09,0.7190,0.7190,1.84
2022-12-12,0.7260,0.7260,0.97
2022-12-13,0.7280,0.7280,0.28
2022-12-14,0.7400,0.7400,1.65
2022-12-15,0.7340,0.7340,-0.81
2022-12-16,0.7140,0.7140,-2.72
2022-12-19,0.7120,0.7120,-0.28
2022-12-20,0.7110,0.7110,-0.14
2022-12-21,0.7300,0.7300,2.67
2022-12-22,0.7330,0.7330,0.41
2022-12-23,0.7210,0.7210,-1.64
2022-12-26,0.7250,0.7250,0.55
2022-12-27,0.7300,0.7300,0.69
2022-12-28,0.7320,0.7320,0.27
2022-12-29,0.7240,0.7240,-1.09
2022-12-30,0.7310,0.7310,0.97
2022-12-31,0.7310,0.7310,0.00
2023-01-03,0.7320,0.7320,0.14
2023-01-04,0.7320,0.7320,0.00
2023-01-05,0.7230,0.7230,-1.23
2023-01-06,0.7010,0.7010,-3.04
2023-01-09,0.7090,0.7090,1.14
2023-01-10,0.7080,0.7080,-0.14
2023-01-11,0.7080,0.7080,0.00
2023-01-12,0.7050,0.7050,-0.42
2023-01-13,0.7090,0.7090,0.57
2023-01-16,0.7150,0.7150,0.85
2023-01-17,0.7190,0.7190,0.56
2023-01-18,0.7180,0.7180,-0.14
2023-01-19,0.7090,0.7090,-1.25
2023-01-20,0.7070,0.7070,-0.28
2023-01-30,0.7080,0.7080,0.14
2023-01-31,0.7060,0.7060,-0.28
2023-02-01,0.7050,0.7050,-0.14
2023-02-02,0.7120,0.7120,0.99
2023-02-03,0.7150,0.7150,0.42
2023-02-06,0.6860,0.6860,-4.06
2023-02-07,0.6760,0.6760,-1.46
2023-02-08,0.6740,0.6740,-0.30
2023-02-09,0.6750,0.6750,0.15
2023-02-10,0.6710,0.6710,-0.59
2023-02-13,0.6670,0.6670,-0.60
2023-02-14,0.6670,0.6670,0.00
2023-02-15,0.6650,0.6650,-0.30
2023-02-16,0.6620,0.6620,-0.45
2023-02-17,0.6620,0.6620,0.00
2023-02-20,0.6640,0.6640,0.30
2023-02-21,0.6700,0.6700,0.90
2023-02-22,0.6730,0.6730,0.45
2023-02-23,0.6710,0.6710,-0.30
2023-02-24,0.6670,0.6670,-0.60
2023-02-27,0.6610,0.6610,-0.90
2023-02-28,0.6570,0.6570,-0.61
2023-03-01,0.6600,0.6600,0.46
2023-03-02,0.6620,0.6620,0.30
2023-03-03,0.6610,0.6610,-0.15
2023-03-06,0.6670,0.6670,0.91
2023-03-07,0.6680,0.6680,0.15
2023-03-08,0.6520,0.6520,-2.40
2023-03-09,0.6450,0.6450,-1.07
2023-03-10,0.6470,0.6470,0.31
2023-03-13,0.6570,0.6570,1.55
2023-03-14,0.6750,0.6750,2.74
2023-03-15,0.6770,0.6770,0.30
2023-03-16,0.6810,0.6810,0.59
2023-03-17,0.6730,0.6730,-1.17
2023-03-20,0.6860,0.6860,1.93
2023-03-21,0.6870,0.6870,0.15
2023-03-22,0.6860,0.6860,-0.15
2023-03-23,0.6940,0.6940,1.17
2023-03-24,0.6980,0.6980,0.58
2023-03-27,0.7010,0.7010,0.43
2023-03-28,0.6950,0.6950,-0.86
2023-03-29,0.7000,0.7000,0.72
2023-03-30,0.7030,0.7030,0.43
2023-03-31,0.7100,0.7100,1.00
2023-04-03,0.7130,0.7130,0.42
2023-04-04,0.7150,0.7150,0.28
2023-04-06,0.7400,0.7400,3.50
2023-04-07,0.7430,0.7430,0.41
2023-04-10,0.7420,0.7420,-0.13
2023-04-11,0.7430,0.7430,0.13
2023-04-12,0.7520,0.7520,1.21
2023-04-13,0.7580,0.7580,0.80
2023-04-14,0.7700,0.7700,1.58
2023-04-17,0.7610,0.7610,-1.17
2023-04-18,0.7510,0.7510,-1.31
2023-04-19,0.7530,0.7530,0.27
2023-04-20,0.7570,0.7570,0.53
2023-04-21,0.7560,0.7560,-0.13
2023-04-24,0.7500,0.7500,-0.79
2023-04-25,0.7530,0.7530,0.40
2023-04-26,0.7480,0.7480,-0.66
2023-04-27,0.7530,0.7530,0.67
2023-04-28,0.7470,0.7470,-0.80
2023-05-04,0.7720,0.7720,3.35
2023-05-05,0.7770,0.7770,0.65
2023-05-08,0.7690,0.7690,-1.03
2023-05-09,0.7690,0.7690,0.00
2023-05-10,0.7680,0.7680,-0.13
2023-05-11,0.7670,0.7670,-0.13
2023-05-12,0.7340,0.7340,-4.30
2023-05-15,0.7240,0.7240,-1.36
2023-05-16,0.7220,0.7220,-0.28
2023-05-17,0.7190,0.7190,-0.42
2023-05-18,0.7180,0.7180,-0.14
2023-05-19,0.7180,0.7180,0.00
2023-05-22,0.7230,0.7230,0.70
2023-05-23,0.7220,0.7220,-0.14
2023-05-24,0.7180,0.7180,-0.55
2023-05-25,0.7080,0.7080,-1.39
2023-05-26,0.7030,0.7030,-0.71
2023-05-29,0.7110,0.7110,1.14
2023-05-30,0.7100,0.7100,-0.14
2023-05-31,0.7150,0.7150,0.70
2023-06-01,0.7220,0.7220,0.98
2023-06-02,0.7300,0.7300,1.11
2023-06-05,0.7270,0.7270,-0.41
2023-06-06,0.7250,0.7250,-0.28
2023-06-07,0.7270,0.7270,0.28
2023-06-08,0.7310,0.7310,0.55
2023-06-09,0.7450,0.7450,1.92
2023-06-12,0.7500,0.7500,0.67
2023-06-13,0.7470,0.7470,-0.40
2023-06-14,0.7460,0.7460,-0.13
2023-06-15,0.7400,0.7400,-0.80
2023-06-16,0.7380,0.7380,-0.27
2023-06-19,0.7440,0.7440,0.81
2023-06-20,0.7430,0.7430,-0.13
2023-06-21,0.7290,0.7290,-1.88
2023-06-26,0.7180,0.7180,-1.51
2023-06-27,0.7210,0.7210,0.42
2023-06-28,0.7210,0.7210,0.00
2023-06-29,0.7200,0.7200,-0.14
2023-06-30,0.7180,0.7180,-0.28
2023-07-03,0.7240,0.7240,0.84
2023-07-04,0.7280,0.7280,0.55
2023-07-05,0.7280,0.7280,0.00
2023-07-06,0.7330,0.7330,0.69
2023-07-07,0.7240,0.7240,-1.23
2023-07-10,0.7290,0.7290,0.69
2023-07-11,0.7320,0.7320,0.41
2023-07-12,0.7330,0.7330,0.14
2023-07-13,0.7510,0.7510,2.46
2023-07-14,0.7610,0.7610,1.33
2023-07-17,0.7640,0.7640,0.39
2023-07-18,0.7640,0.7640,0.00
2023-07-19,0.7750,0.7750,1.44
2023-07-20,0.7820,0.7820,0.90
2023-07-21,0.7710,0.7710,-1.41
2023-07-24,0.7670,0.7670,-0.52
2023-07-25,0.7630,0.7630,-0.52
2023-07-26,0.7660,0.7660,0.39
2023-07-27,0.7710,0.7710,0.65
2023-07-28,0.7580,0.7580,-1.69
2023-07-31,0.7560,0.7560,-0.26
2023-08-01,0.7640,0.7640,1.06
2023-08-02,0.7580,0.7580,-0.79
2023-08-03,0.7470,0.7470,-1.45
2023-08-04,0.7390,0.7390,-1.07
2023-08-07,0.7430,0.7430,0.54
2023-08-08,0.7370,0.7370,-0.81
2023-08-09,0.7300,0.7300,-0.95
2023-08-10,0.7290,0.7290,-0.14
2023-08-11,0.7330,0.7330,0.55
2023-08-14,0.7340,0.7340,0.14
2023-08-15,0.7330,0.7330,-0.14
2023-08-16,0.7360,0.7360,0.41
2023-08-17,0.7360,0.7360,0.00
2023-08-18,0.7390,0.7390,0.41
2023-08-21,0.7340,0.7340,-0.68
2023-08-22,0.7420,0.7420,1.09
2023-08-23,0.7500,0.7500,1.08
2023-08-24,0.7630,0.7630,1.73
2023-08-25,0.7610,0.7610,-0.26
2023-08-28,0.7620,0.7620,0.13
2023-08-29,0.7640,0.7640,0.26
2023-08-30,0.7720,0.7720,1.05
2023-08-31,0.7770,0.7770,0.65
2023-09-01,0.7710,0.7710,-0.77
2023-09-04,0.7690,0.7690,-0.26
2023-09-05,0.7620,0.7620,-0.91
2023-09-06,0.7580,0.7580,-0.52
2023-09-07,0.7510,0.7510,-0.92
2023-09-08,0.7490,0.7490,-0.27
2023-09-11,0.7520,0.7520,0.40
2023-09-12,0.7550,0.7550,0.40
2023-09-13,0.7540,0.7540,-0.13
2023-09-14,0.7640,0.7640,1.33
2023-09-15,0.7720,0.7720,1.05
2023-09-18,0.7630,0.7630,-1.17
2023-09-19,0.7590,0.7590,-0.52
2023-09-20,0.7630,0.7630,0.53
2023-09-21,0.7670,0.7670,0.52
2023-09-22,0.7660,0.7660,-0.13
2023-09-25,0.7720,0.7720,0.78
2023-09-26,0.7630,0.7630,-1.17
2023-09-27,0.7580,0.7580,-0.66
2023-09-28,0.7510,0.7510,-0.92
2023-10-09,0.7340,0.7340,-2.26
2023-10-10,0.7330,0.7330,-0.14
2023-10-11,0.7289,0.7289,-0.56
2023-10-12,0.7331,0.7331,0.58
2023-10-13,0.7346,0.7346,0.20
2023-10-16,0.7504,0.7504,2.15
2023-10-17,0.7505,0.7505,0.01
2023-10-18,0.7549,0.7549,0.59
2023-10-19,0.7531,0.7531,-0.24
2023-10-20,0.7526,0.7526,-0.07
2023-10-23,0.7577,0.7577,0.68
2023-10-24,0.7525,0.7525,-0.69
2023-10-25,0.7511,0.7511,-0.19
2023-10-26,0.7523,0.7523,0.16
2023-10-27,0.7530,0.7530,0.09
2023-10-30,0.7567,0.7567,0.49
2023-10-31,0.7606,0.7606,0.52
2023-11-01,0.7505,0.7505,-1.33
2023-11-02,0.7472,0.7472,-0.44
2023-11-03,0.7482,0.7482,0.13
2023-11-06,0.7560,0.7560,1.04
2023-11-07,0.7524,0.7524,-0.48
2023-11-08,0.7401,0.7401,-1.63
2023-11-09,0.7395,0.7395,-0.08
2023-11-10,0.7421,0.7421,0.35
2023-11-13,0.7336,0.7336,-1.15
2023-11-14,0.7317,0.7317,-0.26
2023-11-15,0.7459,0.7459,1.94
2023-11-16,0.7519,0.7519,0.80
2023-11-17,0.7573,0.7573,0.72
2023-11-20,0.7537,0.7537,-0.48
2023-11-21,0.7483,0.7483,-0.72
2023-11-22,0.7541,0.7541,0.78
2023-11-23,0.7513,0.7513,-0.37
2023-11-24,0.7516,0.7516,0.04
2023-11-27,0.7727,0.7727,2.81
2023-11-28,0.7846,0.7846,1.54
2023-11-29,0.7874,0.7874,0.36
2023-11-30,0.7844,0.7844,-0.38
2023-12-01,0.7882,0.7882,0.48
2023-12-04,0.7945,0.7945,0.80
2023-12-05,0.7754,0.7754,-2.40
2023-12-06,0.7610,0.7610,-1.86
2023-12-07,0.7609,0.7609,-0.01
2023-12-08,0.7596,0.7596,-0.17
2023-12-11,0.7524,0.7524,-0.95
2023-12-12,0.7435,0.7435,-1.18
2023-12-13,0.7442,0.7442,0.09
2023-12-14,0.7547,0.7547,1.41
2023-12-15,0.7646,0.7646,1.31
2023-12-18,0.7605,0.7605,-0.54
2023-12-19,0.7602,0.7602,-0.04
2023-12-20,0.7639,0.7639,0.49
2023-12-21,0.7674,0.7674,0.46
2023-12-22,0.7710,0.7710,0.47
2023-12-25,0.7724,0.7724,0.18
2023-12-26,0.7710,0.7710,-0.18
2023-12-27,0.7720,0.7720,0.13
2023-12-28,0.7725,0.7725,0.06
2023-12-29,0.7621,0.7621,-1.35
2023-12-31,0.7622,0.7622,0.01
2024-01-02,0.7617,0.7617,-0.07
2024-01-03,0.7611,0.7611,-0.08
2024-01-04,0.7452,0.7452,-2.09
2024-01-05,0.7453,0.7453,0.01
2024-01-08,0.7478,0.7478,0.34
2024-01-09,0.7474,0.7474,-0.05
2024-01-10,0.7473,0.7473,-0.01
2024-01-11,0.7468,0.7468,-0.07
2024-01-12,0.7454,0.7454,-0.19
2024-01-15,0.7550,0.7550,1.29
2024-01-16,0.7543,0.7543,-0.09
2024-01-17,0.7513,0.7513,-0.40
2024-01-18,0.7449,0.7449,-0.85
2024-01-19,0.7453,0.7453,0.05
2024-01-22,0.7402,0.7402,-0.68
2024-01-23,0.7298,0.7298,-1.41
2024-01-24,0.7346,0.7346,0.66
2024-01-25,0.7420,0.7420,1.01
2024-01-26,0.7445,0.7445,0.34
2024-01-29,0.7450,0.7450,0.07
2024-01-30,0.7499,0.7499,0.66
2024-01-31,0.7518,0.7518,0.25
2024-02-01,0.7504,0.7504,-0.19
2024-02-02,0.7459,0.7459,-0.60
2024-02-05,0.7418,0.7418,-0.55
2024-02-06,0.7362,0.7362,-0.75
2024-02-07,0.7332,0.7332,-0.41
2024-02-08,0.7327,0.7327,-0.07
2024-02-19,0.7517,0.7517,2.59
2024-02-20,0.7491,0.7491,-0.35
2024-02-21,0.7505,0.7505,0.19
2024-02-22,0.7484,0.7484,-0.28
2024-02-23,0.7455,0.7455,-0.39
2024-02-26,0.7463,0.7463,0.11
2024-02-27,0.7414,0.7414,-0.66
2024-02-28,0.7418,0.7418,0.05
2024-02-29,0.7407,0.7407,-0.15
2024-03-01,0.7447,0.7447,0.54
2024-03-04,0.7519,0.7519,0.97
2024-03-05,0.7657,0.7657,1.84
2024-03-06,0.7721,0.7721,0.84
2024-03-07,0.7742,0.7742,0.27
2024-03-08,0.7758,0.7758,0.21
2024-03-11,0.7749,0.7749,-0.12
2024-03-12,0.7768,0.7768,0.25
2024-03-13,0.7724,0.7724,-0.57
2024-03-14,0.7892,0.7892,2.18
2024-03-15,0.7951,0.7951,0.75
2024-03-18,0.8030,0.8030,0.99
2024-03-19,0.7990,0.7990,-0.50
2024-03-20,0.7953,0.7953,-0.46
2024-03-21,0.8084,0.8084,1.65
2024-03-22,0.8032,0.8032,-0.64
2024-03-25,0.8047,0.8047,0.19
2024-03-26,0.8047,0.8047,0.00
2024-03-27,0.8024,0.8024,-0.29
2024-03-28,0.8035,0.8035,0.14
2024-03-29,0.8114,0.8114,0.98
2024-04-01,0.8181,0.8181,0.83
2024-04-02,0.8170,0.8170,-0.13
2024-04-03,0.8375,0.8375,2.51
2024-04-08,0.8800,0.8800,5.07
2024-04-09,0.8925,0.8925,1.42
2024-04-10,0.9000,0.9000,0.84
2024-04-11,0.8970,0.8970,-0.33
2024-04-12,0.9104,0.9104,1.49
2024-04-15,0.9332,0.9332,2.50
2024-04-16,0.9205,0.9205,-1.36
2024-04-17,0.9131,0.9131,-0.80
2024-04-18,0.9202,0.9202,0.78
2024-04-19,0.9200,0.9200,-0.02
2024-04-22,0.9113,0.9113,-0.95
2024-04-23,0.8709,0.8709,-4.43
2024-04-24,0.8721,0.8721,0.14
2024-04-25,0.8725,0.8725,0.05
2024-04-26,0.8777,0.8777,0.60
2024-04-29,0.8768,0.8768,-0.10
2024-04-30,0.8702,0.8702,-0.75
2024-05-06,0.8652,0.8652,-0.57
2024-05-07,0.8787,0.8787,1.56
2024-05-08,0.8771,0.8771,-0.18
2024-05-09,0.8798,0.8798,0.31
2024-05-10,0.8987,0.8987,2.15
2024-05-13,0.9013,0.9013,0.29
2024-05-14,0.9018,0.9018,0.06
2024-05-15,0.9060,0.9060,0.47
2024-05-16,0.9255,0.9255,2.15
2024-05-17,0.9348,0.9348,1.00
2024-05-20,0.9722,0.9722,4.00
2024-05-21,1.0157,1.0157,4.47
2024-05-22,1.0241,1.0241,0.83
2024-05-23,0.9844,0.9844,-3.88
2024-05-24,0.9715,0.9715,-1.31
2024-05-27,0.9811,0.9811,0.99
2024-05-28,1.0119,1.0119,3.14
2024-05-29,1.0233,1.0233,1.13
2024-05-30,1.0172,1.0172,-0.60
2024-05-31,1.0032,1.0032,-1.38
2024-06-03,0.9824,0.9824,-2.07
2024-06-04,0.9778,0.9778,-0.47
2024-06-05,0.9528,0.9528,-2.56
2024-06-06,0.9679,0.9679,1.58
2024-06-07,0.9960,0.9960,2.90
2024-06-11,0.9462,0.9462,-5.00
2024-06-12,0.9455,0.9455,-0.07
2024-06-13,0.9533,0.9533,0.82
2024-06-14,0.9366,0.9366,-1.75
2024-06-17,0.9440,0.9440,0.79
2024-06-18,0.9493,0.9493,0.56
2024-06-19,0.9497,0.9497,0.04
2024-06-20,0.9704,0.9704,2.18
2024-06-21,0.9893,0.9893,1.95
2024-06-24,0.9663,0.9663,-2.32
2024-06-25,0.9593,0.9593,-0.72
2024-06-26,0.9422,0.9422,-1.78
2024-06-27,0.9342,0.9342,-0.85
2024-06-28,0.9441,0.9441,1.06
2024-06-30,0.9441,0.9441,0.00
2024-07-01,0.9507,0.9507,0.70
2024-07-02,0.9530,0.9530,0.24
2024-07-03,0.9632,0.9632,1.07
2024-07-04,0.9866,0.9866,2.43
2024-07-05,0.9872,0.9872,0.06
2024-07-08,1.0036,1.0036,1.66
2024-07-09,0.9954,0.9954,-0.82
2024-07-10,0.9943,0.9943,-0.11
2024-07-11,0.9986,0.9986,0.43
2024-07-12,1.0057,1.0057,0.71
2024-07-15,0.9901,0.9901,-1.55
2024-07-16,0.9898,0.9898,-0.03
2024-07-17,0.9969,0.9969,0.72
2024-07-18,0.9752,0.9752,-2.18
2024-07-19,0.9531,0.9531,-2.27
2024-07-22,0.9330,0.9330,-2.11
2024-07-23,0.9286,0.9286,-0.47
2024-07-24,0.9324,0.9324,0.41
2024-07-25,0.9070,0.9070,-2.72
2024-07-26,0.8830,0.8830,-2.65
2024-07-29,0.8878,0.8878,0.54
2024-07-30,0.8811,0.8811,-0.75
2024-07-31,0.8959,0.8959,1.68
2024-08-01,0.9114,0.9114,1.73
2024-08-02,0.9033,0.9033,-0.89
2024-08-05,0.8889,0.8889,-1.59
2024-08-06,0.8471,0.8471,-4.70
2024-08-07,0.8433,0.8433,-0.45
2024-08-08,0.8426,0.8426,-0.08
2024-08-09,0.8573,0.8573,1.74
2024-08-12,0.8598,0.8598,0.29
2024-08-13,0.8708,0.8708,1.28
2024-08-14,0.8638,0.8638,-0.80
2024-08-15,0.8588,0.8588,-0.58
2024-08-16,0.8802,0.8802,2.49
2024-08-19,0.8912,0.8912,1.25
2024-08-20,0.9052,0.9052,1.57
2024-08-21,0.9133,0.9133,0.89
2024-08-22,0.9095,0.9095,-0.42
2024-08-23,0.9013,0.9013,-0.90
2024-08-26,0.9146,0.9146,1.48
2024-08-27,0.9225,0.9225,0.86
2024-08-28,0.9192,0.9192,-0.36
2024-08-29,0.9046,0.9046,-1.59
2024-08-30,0.9052,0.9052,0.07
2024-09-02,0.8853,0.8853,-2.20
2024-09-03,0.8702,0.8702,-1.71
2024-09-04,0.8552,0.8552,-1.72
2024-09-05,0.8568,0.8568,0.19
2024-09-06,0.8667,0.8667,1.16
2024-09-09,0.8458,0.8458,-2.41
2024-09-10,0.8430,0.8430,-0.33
2024-09-11,0.8458,0.8458,0.33
2024-09-12,0.8545,0.8545,1.03
2024-09-13,0.8789,0.8789,2.86
2024-09-18,0.8933,0.8933,1.64
2024-09-19,0.8866,0.8866,-0.75
2024-09-20,0.8986,0.8986,1.35
2024-09-23,0.9000,0.9000,0.16
2024-09-24,0.8998,0.8998,-0.02
2024-09-25,0.9279,0.9279,3.12
2024-09-26,0.9383,0.9383,1.12
2024-09-27,0.9424,0.9424,0.44
2024-09-30,0.9364,0.9364,-0.64
2024-10-08,0.9329,0.9329,-0.37
2024-10-09,0.9009,0.9009,-3.43
2024-10-10,0.8959,0.8959,-0.56
2024-10-11,0.9128,0.9128,1.89
2024-10-14,0.9245,0.9245,1.28
2024-10-15,0.9205,0.9205,-0.43
2024-10-16,0.9324,0.9324,1.29
2024-10-17,0.9429,0.9429,1.13
2024-10-18,0.9401,0.9401,-0.30
2024-10-21,0.9695,0.9695,3.13
2024-10-22,0.9853,0.9853,1.63
2024-10-23,0.9943,0.9943,0.91
2024-10-24,0.9682,0.9682,-2.62
2024-10-25,0.9681,0.9681,-0.01
2024-10-28,0.9690,0.9690,0.09
2024-10-29,0.9784,0.9784,0.97
2024-10-30,0.9871,0.9871,0.89
2024-10-31,0.9702,0.9702,-1.71
2024-11-01,0.9488,0.9488,-2.21
2024-11-04,0.9467,0.9467,-0.22
2024-11-05,0.9461,0.9461,-0.06
2024-11-06,0.9441,0.9441,-0.21
2024-11-07,0.9082,0.9082,-3.80
2024-11-08,0.9224,0.9224,1.56
2024-11-11,0.9239,0.9239,0.16
2024-11-12,0.9059,0.9059,-1.95
2024-11-13,0.9055,0.9055,-0.04
2024-11-14,0.9014,0.9014,-0.45
2024-11-15,0.8950,0.8950,-0.71
2024-11-18,0.9020,0.9020,0.78
2024-11-19,0.9161,0.9161,1.56
2024-11-20,0.9178,0.9178,0.19
2024-11-21,0.9178,0.9178,0.00
2024-11-22,0.9162,0.9162,-0.17
2024-11-25,0.9151,0.9151,-0.12
2024-11-26,0.8959,0.8959,-2.10
2024-11-27,0.8986,0.8986,0.30
2024-11-28,0.8915,0.8915,-0.79
2024-11-29,0.8971,0.8971,0.63
2024-12-02,0.9028,0.9028,0.64
2024-12-03,0.9068,0.9068,0.44
2024-12-04,0.9188,0.9188,1.32
2024-12-05,0.9217,0.9217,0.32
2024-12-06,0.9191,0.9191,-0.28
2024-12-09,0.9152,0.9152,-0.42
2024-12-10,0.9347,0.9347,2.13
2024-12-11,0.9334,0.9334,-0.14
2024-12-12,0.9348,0.9348,0.15
2024-12-13,0.9240,0.9240,-1.16
2024-12-16,0.9076,0.9076,-1.77
2024-12-17,0.9102,0.9102,0.29
2024-12-18,0.9040,0.9040,-0.68
2024-12-19,0.8896,0.8896,-1.59
2024-12-20,0.8710,0.8710,-2.09
2024-12-23,0.8810,0.8810,1.15
2024-12-24,0.8868,0.8868,0.66
2024-12-25,0.8888,0.8888,0.23
2024-12-26,0.8913,0.8913,0.28
2024-12-27,0.8923,0.8923,0.11
2024-12-30,0.8840,0.8840,-0.93
2024-12-31,0.8797,0.8797,-0.49
2025-01-02,0.8914,0.8914,1.33
2025-01-03,0.8952,0.8952,0.43
2025-01-06,0.8991,0.8991,0.44
2025-01-07,0.9034,0.9034,0.48
2025-01-08,0.9076,0.9076,0.46
2025-01-09,0.9075,0.9075,-0.01
2025-01-10,0.9135,0.9135,0.66
2025-01-13,0.9122,0.9122,-0.14
2025-01-14,0.8941,0.8941,-1.98
2025-01-15,0.8942,0.8942,0.01
2025-01-16,0.9122,0.9122,2.01
2025-01-17,0.9197,0.9197,0.82
2025-01-20,0.9074,0.9074,-1.34
2025-01-21,0.9072,0.9072,-0.02
2025-01-22,0.9128,0.9128,0.62
2025-01-23,0.9078,0.9078,-0.55
2025-01-24,0.8996,0.8996,-0.90
2025-01-27,0.9043,0.9043,0.52
2025-02-05,0.9467,0.9467,4.69
2025-02-06,0.9487,0.9487,0.21
2025-02-07,0.9438,0.9438,-0.52
2025-02-10,0.9471,0.9471,0.35
2025-02-11,0.9423,0.9423,-0.51
2025-02-12,0.9295,0.9295,-1.36
2025-02-13,0.9369,0.9369,0.80
2025-02-14,0.9504,0.9504,1.44
2025-02-17,0.9502,0.9502,-0.02
2025-02-18,0.9425,0.9425,-0.81
2025-02-19,0.9506,0.9506,0.86
2025-02-20,0.9515,0.9515,0.09
2025-02-21,0.9527,0.9527,0.13
2025-02-24,0.9462,0.9462,-0.68
2025-02-25,0.9418,0.9418,-0.47
2025-02-26,0.9296,0.9296,-1.30
2025-02-27,0.9275,0.9275,-0.23
2025-02-28,0.9247,0.9247,-0.30
2025-03-03,0.9213,0.9213,-0.37
2025-03-04,0.9314,0.9314,1.10
2025-03-05,0.9326,0.9326,0.13
2025-03-06,0.9388,0.9388,0.66
2025-03-07,0.9420,0.9420,0.34
2025-03-10,0.9405,0.9405,-0.16
2025-03-11,0.9357,0.9357,-0.51
2025-03-12,0.9454,0.9454,1.04
2025-03-13,0.9531,0.9531,0.81
2025-03-14,0.9716,0.9716,1.94
2025-03-17,0.9760,0.9760,0.45
2025-03-18,0.9751,0.9751,-0.09
2025-03-19,0.9813,0.9813,0.64
2025-03-20,0.9763,0.9763,-0.51
2025-03-21,0.9665,0.9665,-1.00
2025-03-24,0.9585,0.9585,-0.83
2025-03-25,0.9613,0.9613,0.29
2025-03-26,0.9756,0.9756,1.49
2025-03-27,0.9763,0.9763,0.07
2025-03-28,0.9884,0.9884,1.24
2025-03-31,0.9890,0.9890,0.06
2025-04-01,0.9832,0.9832,-0.59
2025-04-02,0.9818,0.9818,-0.14
2025-04-03,0.9780,0.9780,-0.39
2025-04-07,0.8918,0.8918,-8.81
2025-04-08,0.8931,0.8931,0.15
2025-04-09,0.8972,0.8972,0.46
2025-04-10,0.9119,0.9119,1.64
2025-04-11,0.9211,0.9211,1.01
2025-04-14,0.9390,0.9390,1.94
2025-04-15,0.9410,0.9410,0.21
2025-04-16,0.9487,0.9487,0.82
2025-04-17,0.9520,0.9520,0.35
2025-04-18,0.9433,0.9433,-0.91
2025-04-21,0.9502,0.9502,0.73
2025-04-22,0.9512,0.9512,0.11
2025-04-23,0.9540,0.9540,0.29
2025-04-24,0.9618,0.9618,0.82
2025-04-25,0.9624,0.9624,0.06
2025-04-28,0.9520,0.9520,-1.08
2025-04-29,0.9533,0.9533,0.14
2025-04-30,0.9559,0.9559,0.27
2025-05-06,0.9569,0.9569,0.10
2025-05-07,0.9567,0.9567,-0.02
2025-05-08,0.9480,0.9480,-0.91
2025-05-09,0.9462,0.9462,-0.19
2025-05-12,0.9501,0.9501,0.41
2025-05-13,0.9475,0.9475,-0.27
2025-05-14,0.9495,0.9495,0.21
2025-05-15,0.9325,0.9325,-1.79
2025-05-16,0.9388,0.9388,0.68
2025-05-19,0.9372,0.9372,-0.17
2025-05-20,0.9391,0.9391,0.20
2025-05-21,0.9515,0.9515,1.32
2025-05-22,0.9606,0.9606,0.96
2025-05-23,0.9543,0.9543,-0.66
2025-05-26,0.9577,0.9577,0.36
2025-05-27,0.9559,0.9559,-0.19
2025-05-28,0.9524,0.9524,-0.37
2025-05-29,0.9510,0.9510,-0.15
2025-05-30,0.9521,0.9521,0.12
2025-06-03,0.9799,0.9799,2.92
2025-06-04,0.9817,0.9817,0.18
2025-06-05,0.9813,0.9813,-0.04
2025-06-06,1.0144,1.0144,3.37
2025-06-09,1.0230,1.0230,0.85
2025-06-10,1.0335,1.0335,1.03
2025-06-11,1.0304,1.0304,-0.30
2025-06-12,1.0235,1.0235,-0.67
2025-06-13,1.0216,1.0216,-0.19
2025-06-16,1.0220,1.0220,0.04
2025-06-17,1.0235,1.0235,0.15
2025-06-18,1.0410,1.0410,1.71
2025-06-19,1.0320,1.0320,-0.86
2025-06-20,1.0115,1.0115,-1.99
2025-06-23,1.0117,1.0117,0.02
2025-06-24,1.0151,1.0151,0.34
2025-06-25,1.0022,1.0022,-1.27
2025-06-26,1.0130,1.0130,1.08
2025-06-27,1.0199,1.0199,0.68
2025-06-30,1.0093,1.0093,-1.04
2025-07-01,1.0124,1.0124,0.31
2025-07-02,1.0170,1.0170,0.45
2025-07-03,1.0285,1.0285,1.13
2025-07-04,1.0327,1.0327,0.41
2025-07-07,1.0314,1.0314,-0.13
2025-07-08,1.0295,1.0295,-0.18
2025-07-09,1.0279,1.0279,-0.16
2025-07-10,1.0262,1.0262,-0.17
2025-07-11,1.0415,1.0415,1.49
2025-07-14,1.0596,1.0596,1.74
2025-07-15,1.0599,1.0599,0.03
2025-07-16,1.0572,1.0572,-0.25
2025-07-17,1.0559,1.0559,-0.12
2025-07-18,1.0603,1.0603,0.42
2025-07-21,1.0676,1.0676,0.69
2025-07-22,1.0822,1.0822,1.37
2025-07-23,1.0919,1.0919,0.90
2025-07-24,1.0861,1.0861,-0.53
2025-07-25,1.0812,1.0812,-0.45
2025-07-28,1.0645,1.0645,-1.54
2025-07-29,1.0607,1.0607,-0.36
2025-07-30,1.0628,1.0628,0.20
2025-07-31,1.0449,1.0449,-1.68
2025-08-01,1.0300,1.0300,-1.43
2025-08-04,1.0391,1.0391,0.88
2025-08-05,1.0472,1.0472,0.78
2025-08-06,1.0567,1.0567,0.91
2025-08-07,1.0616,1.0616,0.46
2025-08-08,1.0696,1.0696,0.75
2025-08-11,1.0657,1.0657,-0.36
2025-08-12,1.0579,1.0579,-0.73
2025-08-13,1.0634,1.0634,0.52
2025-08-14,1.0742,1.0742,1.02
2025-08-15,1.0617,1.0617,-1.16
2025-08-18,1.0617,1.0617,0.00
2025-08-19,1.0618,1.0618,0.01
2025-08-20,1.0497,1.0497,-1.14
2025-08-21,1.0564,1.0564,0.64
2025-08-22,1.0632,1.0632,0.64
2025-08-25,1.0776,1.0776,1.35
2025-08-26,1.0789,1.0789,0.12
2025-08-27,1.0755,1.0755,-0.32
2025-08-28,1.0762,1.0762,0.07
2025-08-29,1.0827,1.0827,0.60
2025-09-01,1.1083,1.1083,2.36
2025-09-02,1.1328,1.1328,2.21
2025-09-03,1.1268,1.1268,-0.53
2025-09-04,1.1323,1.1323,0.49
2025-09-05,1.1243,1.1243,-0.71
2025-09-08,1.1294,1.1294,0.45
2025-09-09,1.1361,1.1361,0.59
2025-09-10,1.1253,1.1253,-0.95
2025-09-11,1.1287,1.1287,0.30
2025-09-12,1.1447,1.1447,1.42
2025-09-15,1.1548,1.1548,0.88
2025-09-16,1.1614,1.1614,0.57
2025-09-17,1.1526,1.1526,-0.76
2025-09-18,1.1386,1.1386,-1.21
2025-09-19,1.1421,1.1421,0.31
2025-09-22,1.1679,1.1679,2.26
2025-09-23,1.1834,1.1834,1.33
2025-09-24,1.1937,1.1937,0.87
2025-09-25,1.1929,1.1929,-0.07
2025-09-26,1.2074,1.2074,1.22
2025-09-29,1.2411,1.2411,2.79
2025-09-30,1.2510,1.2510,0.80
2025-10-09,1.2837,1.2837,2.61
2025-10-10,1.2837,1.2837,0.00
2025-10-13,1.2870,1.2870,0.26
2025-10-14,1.3352,1.3352,3.75
2025-10-15,1.3321,1.3321,-0.23
2025-10-16,1.3663,1.3663,2.57
2025-10-17,1.3908,1.3908,1.79
2025-10-20,1.3475,1.3475,-3.11
2025-10-21,1.3559,1.3559,0.62
2025-10-22,1.2937,1.2937,-4.59
2025-10-23,1.2968,1.2968,0.24
2025-10-24,1.3086,1.3086,0.91
2025-10-27,1.3067,1.3067,-0.15
2025-10-28,1.2725,1.2725,-2.62
2025-10-29,1.2815,1.2815,0.71
2025-10-30,1.2908,1.2908,0.73
2025-10-31,1.3070,1.3070,1.26
2025-11-03,1.3047,1.3047,-0.18
2025-11-04,1.3008,1.3008,-0.30
2025-11-05,1.2833,1.2833,-1.35
2025-11-06,1.2998,1.2998,1.29
2025-11-07,1.3057,1.3057,0.45
2025-11-10,1.3203,1.3203,1.12
2025-11-11,1.3563,1.3563,2.73
2025-11-12,1.3681,1.3681,0.87
2025-11-13,1.4152,1.4152,3.44
2025-11-14,1.4224,1.4224,0.51
2025-11-17,1.3718,1.3718,-3.56
2025-11-18,1.3577,1.3577,-1.03
2025-11-19,1.3668,1.3668,0.67
2025-11-20,1.3856,1.3856,1.38
2025-11-21,1.3623,1.3623,-1.68
2025-11-24,1.3470,1.3470,-1.12
2025-11-25,1.3724,1.3724,1.89
2025-11-26,1.3840,1.3840,0.85
2025-11-27,1.4075,1.4075,1.70
2025-11-28,1.4314,1.4314,1.70
2025-12-01,1.4985,1.4985,4.69
2025-12-02,1.5410,1.5410,2.84
2025-12-03,1.5564,1.5564,1.00
2025-12-04,1.5568,1.5568,0.03
2025-12-05,1.5363,1.5363,-1.32
2025-12-08,1.5656,1.5656,1.91
2025-12-09,1.5595,1.5595,-0.39
2025-12-10,1.6077,1.6077,3.09
2025-12-11,1.6427,1.6427,2.18
2025-12-12,1.6857,1.6857,2.62
2025-12-15,1.6809,1.6809,-0.28
2025-12-16,1.6863,1.6863,0.32
2025-12-17,1.7164,1.7164,1.78
2025-12-18,1.7614,1.7614,2.62
2025-12-19,1.7442,1.7442,-0.98
2025-12-22,1.7987,1.7987,3.12
2025-12-23,1.8527,1.8527,3.00
2025-12-24,1.9278,1.9278,4.05
2025-12-25,1.9469,1.9469,0.99
2025-12-26,2.0483,2.0483,5.21
2025-12-29,2.1298,2.1298,3.98
2025-12-30,2.0119,2.0119,-5.54
2025-12-31,2.0320,2.0320,1.00
2026-01-05,2.0497,2.0497,0.87
2026-01-06,2.1319,2.1319,4.01
2026-01-07,2.2098,2.2098,3.65
2026-01-08,2.1311,2.1311,-3.56
2026-01-09,2.0676,2.0676,-2.98
2026-01-12,2.2374,2.2374,8.21
2026-01-13,2.3777,2.3777,6.27
2026-01-14,2.5145,2.5145,5.75
2026-01-15,2.5706,2.5706,2.23
2026-01-16,2.5462,2.5462,-0.95
2026-01-19,2.5120,2.5120,-1.34
2026-01-20,2.6095,2.6095,3.88
2026-01-21,2.5980,2.5980,-0.44
2026-01-22,2.5929,2.5929,-0.20
2026-01-23,2.7173,2.7173,4.80
2026-01-26,2.9694,2.9694,9.28
2026-01-27,3.1888,3.1888,7.39
2026-01-28,3.1944,3.1944,0.18
2026-01-29,3.3075,3.3075,3.54
2026-01-30,3.2838,3.2838,-0.72
2026-02-02,2.2494,2.2494,-31.50
2026-02-03,2.3238,2.3238,3.31
2026-02-04,2.5108,2.5108,8.05
2026-02-05,2.4073,2.4073,-4.12
2026-02-06,2.0792,2.0792,-13.63
2026-02-09,2.1756,2.1756,4.64
2026-02-10,2.2514,2.2514,3.48
2026-02-11,2.2616,2.2616,0.45
2026-02-12,2.3266,2.3266,2.87
2026-02-13,2.2106,2.2106,-4.99
2026-02-24,2.4634,2.4634,11.44
2026-02-25,2.5221,2.5221,2.38
2026-02-26,2.5655,2.5655,1.72
2026-02-27,2.5100,2.5100,-2.16
2026-03-02,2.6755,2.6755,6.59
2026-03-03,2.5630,2.5630,-4.20
2026-03-04,2.3832,2.3832,-7.02
2026-03-05,2.4268,2.4268,1.83
2026-03-06,2.4017,2.4017,-1.03
2026-03-09,2.4080,2.4080,0.26
2026-03-10,2.5145,2.5145,4.42
2026-03-11,2.5637,2.5637,1.96
2026-03-12,2.4753,2.4753,-3.45
2026-03-13,2.4534,2.4534,-0.88
2026-03-16,2.3297,2.3297,-5.04
2026-03-17,2.3194,2.3194,-0.44
2026-03-18,2.2742,2.2742,-1.95
2026-03-19,2.1322,2.1322,-6.24
2026-03-20,1.9754,1.9754,-7.35
2026-03-23,1.8832,1.8832,-4.67
2026-03-24,1.9115,1.9115,1.50
2026-03-25,1.9913,1.9913,4.17
2026-03-26,2.0197,2.0197,1.43
2026-03-27,1.9501,1.9501,-3.45
2026-03-30,1.9832,1.9832,1.70
2026-03-31,2.0411,2.0411,2.92
2026-04-01,2.1140,2.1140,3.57
2026-04-02,2.0758,2.0758,-1.81
2026-04-03,2.0243,2.0243,-2.48
2026-04-07,2.0329,2.0329,0.42
2026-04-08,2.0580,2.0580,1.23
2026-04-09,2.0972,2.0972,1.90
2026-04-10,2.1051,2.1051,0.38
2026-04-13,2.1120,2.1120,0.33
2026-04-14,2.1137,2.1137,0.08
2026-04-15,2.2259,2.2259,5.31
2026-04-16,2.2442,2.2442,0.82
2026-04-17,2.2192,2.2192,-1.11
2026-04-20,2.2875,2.2875,3.08
2026-04-21,2.2469,2.2469,-1.77
2026-04-22,2.1923,2.1923,-2.43
2026-04-23,2.1803,2.1803,-0.55
2026-04-24,2.1302,2.1302,-2.30
2026-04-27,2.1252,2.1252,-0.23
2026-04-28,2.0872,2.0872,-1.79
2026-04-29,2.0357,2.0357,-2.47
2026-04-30,2.0182,2.0182,-0.86
2026-05-06,2.1117,2.1117,4.63
2026-05-07,2.1789,2.1789,3.18
2026-05-08,2.2507,2.2507,3.30
2026-05-11,2.2539,2.2539,0.14
2026-05-12,2.3885,2.3885,5.97
2026-05-13,2.3926,2.3926,0.17
2026-05-14,2.4544,2.4544,2.58
2026-05-15,2.2947,2.2947,-6.51
2026-05-18,2.1131,2.1131,-7.91
2026-05-19,2.1365,2.1365,1.11
2026-05-20,2.0602,2.0602,-3.57
2026-05-21,2.1015,2.1015,2.00
2026-05-22,2.1075,2.1075,0.29
2026-05-25,2.1327,2.1327,1.20
2026-05-26,2.1368,2.1368,0.19
2026-05-27,2.1075,2.1075,-1.37
2026-05-28,2.0338,2.0338,-3.50
2026-05-29,2.0646,2.0646,1.51
2026-06-01,2.0707,2.0707,0.30
2026-06-02,2.0592,2.0592,-0.56
2026-06-03,2.0643,2.0643,0.25
2026-06-04,2.0242,2.0242,-1.94
2026-06-05,2.0148,2.0148,-0.46
2026-06-08,1.8838,1.8838,-6.50
2026-06-09,1.8619,1.8619,-1.16
2026-06-10,1.7878,1.7878,-3.98
2026-06-11,1.7554,1.7554,-1.81
2026-06-12,1.7767,1.7767,1.21
2026-06-15,1.8663,1.8663,5.04
2026-06-16,1.9107,1.9107,2.38
2026-06-17,1.9070,1.9070,-0.19
2026-06-18,1.9003,1.9003,-0.35
2026-06-22,1.8102,1.8102,-4.74
2026-06-23,1.7631,1.7631,-2.60
2026-06-24,1.6881,1.6881,-4.25
2026-06-25,1.5927,1.5927,-5.65
2026-06-26,1.5874,1.5874,-0.33
2026-06-29,1.6181,1.6181,1.93
2026-06-30,1.5976,1.5976,-1.27
2026-07-01,1.6279,1.6279,1.90
2026-07-02,1.6579,1.6579,1.84
2026-07-03,1.7069,1.7069,2.96
2026-07-06,1.7223,1.7223,0.90
2026-07-07,1.6942,1.6942,-1.63
2026-07-08,1.6809,1.6809,-0.79
2026-07-09,1.6135,1.6135,-4.01
2026-07-10,1.6631,1.6631,3.07
2026-07-13,1.6325,1.6325,-1.84
2026-07-14,1.5973,1.5973,-2.16
2026-07-15,1.6289,1.6289,1.98
2026-07-16,1.5885,1.5885,-2.48
2026-07-17,1.5357,1.5357,-3.32
2026-07-20,1.5476,1.5476,0.77
2026-07-21,1.5844,1.5844,2.38
2026-07-22,1.6392,1.6392,3.46
2026-07-23,1.6654,1.6654,1.60
2026-07-24,1.5971,1.5971,-4.10
2026-07-27,1.6327,1.6327,2.23
